[   15365ms] [ERROR] WebSocket connection to 'ws://localhost:5199/ws' failed: Connection closed before receiving a handshake response @ http://localhost:5199/src/network.js:28
[   15365ms] [WARNING] [Network] Conexão perdida, tentando reconectar em 3s... @ http://localhost:5199/src/network.js:68
[   18507ms] [ERROR] WebSocket connection to 'ws://localhost:5199/ws' failed: Connection closed before receiving a handshake response @ http://localhost:5199/src/network.js:28
[   18508ms] [WARNING] [Network] Conexão perdida, tentando reconectar em 3s... @ http://localhost:5199/src/network.js:68
[   20384ms] TypeError: Cannot read properties of undefined (reading 'type')
    at Weapon.createWeaponModel (http://localhost:5199/src/weapon.js:243:11)
    at Weapon.buildCurrentModel (http://localhost:5199/src/weapon.js:235:24)
    at eval (eval at <anonymous> (eval at evaluate (:311:30)), <anonymous>:1:503)
[   20407ms] TypeError: Cannot read properties of undefined (reading 'type')
    at Weapon.update (http://localhost:5199/src/weapon.js:1427:11)
    at Game.animate (http://localhost:5199/src/game.js:2177:19)
    at http://localhost:5199/src/game.js:2149:38
[   20426ms] TypeError: Cannot read properties of undefined (reading 'type')
    at Weapon.update (http://localhost:5199/src/weapon.js:1427:11)
    at Game.animate (http://localhost:5199/src/game.js:2177:19)
    at http://localhost:5199/src/game.js:2149:38
[   20443ms] TypeError: Cannot read properties of undefined (reading 'type')
    at Weapon.update (http://localhost:5199/src/weapon.js:1427:11)
    at Game.animate (http://localhost:5199/src/game.js:2177:19)
    at http://localhost:5199/src/game.js:2149:38
[   20456ms] TypeError: Cannot read properties of undefined (reading 'type')
    at Weapon.update (http://localhost:5199/src/weapon.js:1427:11)
    at Game.animate (http://localhost:5199/src/game.js:2177:19)
    at http://localhost:5199/src/game.js:2149:38
[   20474ms] TypeError: Cannot read properties of undefined (reading 'type')
    at Weapon.update (http://localhost:5199/src/weapon.js:1427:11)
    at Game.animate (http://localhost:5199/src/game.js:2177:19)
    at http://localhost:5199/src/game.js:2149:38
[   20487ms] TypeError: Cannot read properties of undefined (reading 'type')
    at Weapon.update (http://localhost:5199/src/weapon.js:1427:11)
    at Game.animate (http://localhost:5199/src/game.js:2177:19)
    at http://localhost:5199/src/game.js:2149:38
[   20507ms] TypeError: Cannot read properties of undefined (reading 'type')
    at Weapon.update (http://localhost:5199/src/weapon.js:1427:11)
    at Game.animate (http://localhost:5199/src/game.js:2177:19)
    at http://localhost:5199/src/game.js:2149:38
[   20522ms] TypeError: Cannot read properties of undefined (reading 'type')
    at Weapon.update (http://localhost:5199/src/weapon.js:1427:11)
    at Game.animate (http://localhost:5199/src/game.js:2177:19)
    at http://localhost:5199/src/game.js:2149:38
[   20539ms] TypeError: Cannot read properties of undefined (reading 'type')
    at Weapon.update (http://localhost:5199/src/weapon.js:1427:11)
    at Game.animate (http://localhost:5199/src/game.js:2177:19)
    at http://localhost:5199/src/game.js:2149:38
[   20554ms] TypeError: Cannot read properties of undefined (reading 'type')
    at Weapon.update (http://localhost:5199/src/weapon.js:1427:11)
    at Game.animate (http://localhost:5199/src/game.js:2177:19)
    at http://localhost:5199/src/game.js:2149:38
[   20571ms] TypeError: Cannot read properties of undefined (reading 'type')
    at Weapon.update (http://localhost:5199/src/weapon.js:1427:11)
    at Game.animate (http://localhost:5199/src/game.js:2177:19)
    at http://localhost:5199/src/game.js:2149:38
[   20587ms] TypeError: Cannot read properties of undefined (reading 'type')
    at Weapon.update (http://localhost:5199/src/weapon.js:1427:11)
    at Game.animate (http://localhost:5199/src/game.js:2177:19)
    at http://localhost:5199/src/game.js:2149:38
[   20604ms] TypeError: Cannot read properties of undefined (reading 'type')
    at Weapon.update (http://localhost:5199/src/weapon.js:1427:11)
    at Game.animate (http://localhost:5199/src/game.js:2177:19)
    at http://localhost:5199/src/game.js:2149:38
[   20620ms] TypeError: Cannot read properties of undefined (reading 'type')
    at Weapon.update (http://localhost:5199/src/weapon.js:1427:11)
    at Game.animate (http://localhost:5199/src/game.js:2177:19)
    at http://localhost:5199/src/game.js:2149:38
[   20637ms] TypeError: Cannot read properties of undefined (reading 'type')
    at Weapon.update (http://localhost:5199/src/weapon.js:1427:11)
    at Game.animate (http://localhost:5199/src/game.js:2177:19)
    at http://localhost:5199/src/game.js:2149:38
[   20654ms] TypeError: Cannot read properties of undefined (reading 'type')
    at Weapon.update (http://localhost:5199/src/weapon.js:1427:11)
    at Game.animate (http://localhost:5199/src/game.js:2177:19)
    at http://localhost:5199/src/game.js:2149:38
[   20671ms] TypeError: Cannot read properties of undefined (reading 'type')
    at Weapon.update (http://localhost:5199/src/weapon.js:1427:11)
    at Game.animate (http://localhost:5199/src/game.js:2177:19)
    at http://localhost:5199/src/game.js:2149:38
[   20687ms] TypeError: Cannot read properties of undefined (reading 'type')
    at Weapon.update (http://localhost:5199/src/weapon.js:1427:11)
    at Game.animate (http://localhost:5199/src/game.js:2177:19)
    at http://localhost:5199/src/game.js:2149:38
[   20704ms] TypeError: Cannot read properties of undefined (reading 'type')
    at Weapon.update (http://localhost:5199/src/weapon.js:1427:11)
    at Game.animate (http://localhost:5199/src/game.js:2177:19)
    at http://localhost:5199/src/game.js:2149:38
[   20720ms] TypeError: Cannot read properties of undefined (reading 'type')
    at Weapon.update (http://localhost:5199/src/weapon.js:1427:11)
    at Game.animate (http://localhost:5199/src/game.js:2177:19)
    at http://localhost:5199/src/game.js:2149:38
[   20737ms] TypeError: Cannot read properties of undefined (reading 'type')
    at Weapon.update (http://localhost:5199/src/weapon.js:1427:11)
    at Game.animate (http://localhost:5199/src/game.js:2177:19)
    at http://localhost:5199/src/game.js:2149:38
[   20754ms] TypeError: Cannot read properties of undefined (reading 'type')
    at Weapon.update (http://localhost:5199/src/weapon.js:1427:11)
    at Game.animate (http://localhost:5199/src/game.js:2177:19)
    at http://localhost:5199/src/game.js:2149:38
[   20771ms] TypeError: Cannot read properties of undefined (reading 'type')
    at Weapon.update (http://localhost:5199/src/weapon.js:1427:11)
    at Game.animate (http://localhost:5199/src/game.js:2177:19)
    at http://localhost:5199/src/game.js:2149:38
[   20787ms] TypeError: Cannot read properties of undefined (reading 'type')
    at Weapon.update (http://localhost:5199/src/weapon.js:1427:11)
    at Game.animate (http://localhost:5199/src/game.js:2177:19)
    at http://localhost:5199/src/game.js:2149:38
[   20804ms] TypeError: Cannot read properties of undefined (reading 'type')
    at Weapon.update (http://localhost:5199/src/weapon.js:1427:11)
    at Game.animate (http://localhost:5199/src/game.js:2177:19)
    at http://localhost:5199/src/game.js:2149:38
[   20820ms] TypeError: Cannot read properties of undefined (reading 'type')
    at Weapon.update (http://localhost:5199/src/weapon.js:1427:11)
    at Game.animate (http://localhost:5199/src/game.js:2177:19)
    at http://localhost:5199/src/game.js:2149:38
[   20837ms] TypeError: Cannot read properties of undefined (reading 'type')
    at Weapon.update (http://localhost:5199/src/weapon.js:1427:11)
    at Game.animate (http://localhost:5199/src/game.js:2177:19)
    at http://localhost:5199/src/game.js:2149:38
[   20853ms] TypeError: Cannot read properties of undefined (reading 'type')
    at Weapon.update (http://localhost:5199/src/weapon.js:1427:11)
    at Game.animate (http://localhost:5199/src/game.js:2177:19)
    at http://localhost:5199/src/game.js:2149:38
[   20870ms] TypeError: Cannot read properties of undefined (reading 'type')
    at Weapon.update (http://localhost:5199/src/weapon.js:1427:11)
    at Game.animate (http://localhost:5199/src/game.js:2177:19)
    at http://localhost:5199/src/game.js:2149:38
[   20887ms] TypeError: Cannot read properties of undefined (reading 'type')
    at Weapon.update (http://localhost:5199/src/weapon.js:1427:11)
    at Game.animate (http://localhost:5199/src/game.js:2177:19)
    at http://localhost:5199/src/game.js:2149:38
[   20903ms] TypeError: Cannot read properties of undefined (reading 'type')
    at Weapon.update (http://localhost:5199/src/weapon.js:1427:11)
    at Game.animate (http://localhost:5199/src/game.js:2177:19)
    at http://localhost:5199/src/game.js:2149:38
[   20920ms] TypeError: Cannot read properties of undefined (reading 'type')
    at Weapon.update (http://localhost:5199/src/weapon.js:1427:11)
    at Game.animate (http://localhost:5199/src/game.js:2177:19)
    at http://localhost:5199/src/game.js:2149:38
[   20938ms] TypeError: Cannot read properties of undefined (reading 'type')
    at Weapon.update (http://localhost:5199/src/weapon.js:1427:11)
    at Game.animate (http://localhost:5199/src/game.js:2177:19)
    at http://localhost:5199/src/game.js:2149:38
[   20957ms] TypeError: Cannot read properties of undefined (reading 'type')
    at Weapon.update (http://localhost:5199/src/weapon.js:1427:11)
    at Game.animate (http://localhost:5199/src/game.js:2177:19)
    at http://localhost:5199/src/game.js:2149:38
[   20971ms] TypeError: Cannot read properties of undefined (reading 'type')
    at Weapon.update (http://localhost:5199/src/weapon.js:1427:11)
    at Game.animate (http://localhost:5199/src/game.js:2177:19)
    at http://localhost:5199/src/game.js:2149:38
[   20986ms] TypeError: Cannot read properties of undefined (reading 'type')
    at Weapon.update (http://localhost:5199/src/weapon.js:1427:11)
    at Game.animate (http://localhost:5199/src/game.js:2177:19)
    at http://localhost:5199/src/game.js:2149:38
[   21004ms] TypeError: Cannot read properties of undefined (reading 'type')
    at Weapon.update (http://localhost:5199/src/weapon.js:1427:11)
    at Game.animate (http://localhost:5199/src/game.js:2177:19)
    at http://localhost:5199/src/game.js:2149:38
[   21020ms] TypeError: Cannot read properties of undefined (reading 'type')
    at Weapon.update (http://localhost:5199/src/weapon.js:1427:11)
    at Game.animate (http://localhost:5199/src/game.js:2177:19)
    at http://localhost:5199/src/game.js:2149:38
[   21037ms] TypeError: Cannot read properties of undefined (reading 'type')
    at Weapon.update (http://localhost:5199/src/weapon.js:1427:11)
    at Game.animate (http://localhost:5199/src/game.js:2177:19)
    at http://localhost:5199/src/game.js:2149:38
[   21054ms] TypeError: Cannot read properties of undefined (reading 'type')
    at Weapon.update (http://localhost:5199/src/weapon.js:1427:11)
    at Game.animate (http://localhost:5199/src/game.js:2177:19)
    at http://localhost:5199/src/game.js:2149:38
[   21071ms] TypeError: Cannot read properties of undefined (reading 'type')
    at Weapon.update (http://localhost:5199/src/weapon.js:1427:11)
    at Game.animate (http://localhost:5199/src/game.js:2177:19)
    at http://localhost:5199/src/game.js:2149:38
[   21087ms] TypeError: Cannot read properties of undefined (reading 'type')
    at Weapon.update (http://localhost:5199/src/weapon.js:1427:11)
    at Game.animate (http://localhost:5199/src/game.js:2177:19)
    at http://localhost:5199/src/game.js:2149:38
[   21103ms] TypeError: Cannot read properties of undefined (reading 'type')
    at Weapon.update (http://localhost:5199/src/weapon.js:1427:11)
    at Game.animate (http://localhost:5199/src/game.js:2177:19)
    at http://localhost:5199/src/game.js:2149:38
[   21121ms] TypeError: Cannot read properties of undefined (reading 'type')
    at Weapon.update (http://localhost:5199/src/weapon.js:1427:11)
    at Game.animate (http://localhost:5199/src/game.js:2177:19)
    at http://localhost:5199/src/game.js:2149:38
[   21137ms] TypeError: Cannot read properties of undefined (reading 'type')
    at Weapon.update (http://localhost:5199/src/weapon.js:1427:11)
    at Game.animate (http://localhost:5199/src/game.js:2177:19)
    at http://localhost:5199/src/game.js:2149:38
[   21153ms] TypeError: Cannot read properties of undefined (reading 'type')
    at Weapon.update (http://localhost:5199/src/weapon.js:1427:11)
    at Game.animate (http://localhost:5199/src/game.js:2177:19)
    at http://localhost:5199/src/game.js:2149:38
[   21171ms] TypeError: Cannot read properties of undefined (reading 'type')
    at Weapon.update (http://localhost:5199/src/weapon.js:1427:11)
    at Game.animate (http://localhost:5199/src/game.js:2177:19)
    at http://localhost:5199/src/game.js:2149:38
[   21188ms] TypeError: Cannot read properties of undefined (reading 'type')
    at Weapon.update (http://localhost:5199/src/weapon.js:1427:11)
    at Game.animate (http://localhost:5199/src/game.js:2177:19)
    at http://localhost:5199/src/game.js:2149:38
[   21204ms] TypeError: Cannot read properties of undefined (reading 'type')
    at Weapon.update (http://localhost:5199/src/weapon.js:1427:11)
    at Game.animate (http://localhost:5199/src/game.js:2177:19)
    at http://localhost:5199/src/game.js:2149:38
[   21221ms] TypeError: Cannot read properties of undefined (reading 'type')
    at Weapon.update (http://localhost:5199/src/weapon.js:1427:11)
    at Game.animate (http://localhost:5199/src/game.js:2177:19)
    at http://localhost:5199/src/game.js:2149:38
[   21236ms] TypeError: Cannot read properties of undefined (reading 'type')
    at Weapon.update (http://localhost:5199/src/weapon.js:1427:11)
    at Game.animate (http://localhost:5199/src/game.js:2177:19)
    at http://localhost:5199/src/game.js:2149:38
[   21254ms] TypeError: Cannot read properties of undefined (reading 'type')
    at Weapon.update (http://localhost:5199/src/weapon.js:1427:11)
    at Game.animate (http://localhost:5199/src/game.js:2177:19)
    at http://localhost:5199/src/game.js:2149:38
[   21271ms] TypeError: Cannot read properties of undefined (reading 'type')
    at Weapon.update (http://localhost:5199/src/weapon.js:1427:11)
    at Game.animate (http://localhost:5199/src/game.js:2177:19)
    at http://localhost:5199/src/game.js:2149:38
[   21287ms] TypeError: Cannot read properties of undefined (reading 'type')
    at Weapon.update (http://localhost:5199/src/weapon.js:1427:11)
    at Game.animate (http://localhost:5199/src/game.js:2177:19)
    at http://localhost:5199/src/game.js:2149:38
[   21305ms] TypeError: Cannot read properties of undefined (reading 'type')
    at Weapon.update (http://localhost:5199/src/weapon.js:1427:11)
    at Game.animate (http://localhost:5199/src/game.js:2177:19)
    at http://localhost:5199/src/game.js:2149:38
[   21321ms] TypeError: Cannot read properties of undefined (reading 'type')
    at Weapon.update (http://localhost:5199/src/weapon.js:1427:11)
    at Game.animate (http://localhost:5199/src/game.js:2177:19)
    at http://localhost:5199/src/game.js:2149:38
[   21338ms] TypeError: Cannot read properties of undefined (reading 'type')
    at Weapon.update (http://localhost:5199/src/weapon.js:1427:11)
    at Game.animate (http://localhost:5199/src/game.js:2177:19)
    at http://localhost:5199/src/game.js:2149:38
[   21357ms] TypeError: Cannot read properties of undefined (reading 'type')
    at Weapon.update (http://localhost:5199/src/weapon.js:1427:11)
    at Game.animate (http://localhost:5199/src/game.js:2177:19)
    at http://localhost:5199/src/game.js:2149:38
[   21370ms] TypeError: Cannot read properties of undefined (reading 'type')
    at Weapon.update (http://localhost:5199/src/weapon.js:1427:11)
    at Game.animate (http://localhost:5199/src/game.js:2177:19)
    at http://localhost:5199/src/game.js:2149:38
[   21388ms] TypeError: Cannot read properties of undefined (reading 'type')
    at Weapon.update (http://localhost:5199/src/weapon.js:1427:11)
    at Game.animate (http://localhost:5199/src/game.js:2177:19)
    at http://localhost:5199/src/game.js:2149:38
[   21404ms] TypeError: Cannot read properties of undefined (reading 'type')
    at Weapon.update (http://localhost:5199/src/weapon.js:1427:11)
    at Game.animate (http://localhost:5199/src/game.js:2177:19)
    at http://localhost:5199/src/game.js:2149:38
[   21421ms] TypeError: Cannot read properties of undefined (reading 'type')
    at Weapon.update (http://localhost:5199/src/weapon.js:1427:11)
    at Game.animate (http://localhost:5199/src/game.js:2177:19)
    at http://localhost:5199/src/game.js:2149:38
[   21445ms] TypeError: Cannot read properties of undefined (reading 'type')
    at Weapon.update (http://localhost:5199/src/weapon.js:1427:11)
    at Game.animate (http://localhost:5199/src/game.js:2177:19)
    at http://localhost:5199/src/game.js:2149:38
[   21455ms] TypeError: Cannot read properties of undefined (reading 'type')
    at Weapon.update (http://localhost:5199/src/weapon.js:1427:11)
    at Game.animate (http://localhost:5199/src/game.js:2177:19)
    at http://localhost:5199/src/game.js:2149:38
[   21470ms] TypeError: Cannot read properties of undefined (reading 'type')
    at Weapon.update (http://localhost:5199/src/weapon.js:1427:11)
    at Game.animate (http://localhost:5199/src/game.js:2177:19)
    at http://localhost:5199/src/game.js:2149:38
[   21487ms] TypeError: Cannot read properties of undefined (reading 'type')
    at Weapon.update (http://localhost:5199/src/weapon.js:1427:11)
    at Game.animate (http://localhost:5199/src/game.js:2177:19)
    at http://localhost:5199/src/game.js:2149:38
[   21503ms] TypeError: Cannot read properties of undefined (reading 'type')
    at Weapon.update (http://localhost:5199/src/weapon.js:1427:11)
    at Game.animate (http://localhost:5199/src/game.js:2177:19)
    at http://localhost:5199/src/game.js:2149:38
[   21520ms] TypeError: Cannot read properties of undefined (reading 'type')
    at Weapon.update (http://localhost:5199/src/weapon.js:1427:11)
    at Game.animate (http://localhost:5199/src/game.js:2177:19)
    at http://localhost:5199/src/game.js:2149:38
[   21537ms] TypeError: Cannot read properties of undefined (reading 'type')
    at Weapon.update (http://localhost:5199/src/weapon.js:1427:11)
    at Game.animate (http://localhost:5199/src/game.js:2177:19)
    at http://localhost:5199/src/game.js:2149:38
[   21554ms] TypeError: Cannot read properties of undefined (reading 'type')
    at Weapon.update (http://localhost:5199/src/weapon.js:1427:11)
    at Game.animate (http://localhost:5199/src/game.js:2177:19)
    at http://localhost:5199/src/game.js:2149:38
[   21570ms] TypeError: Cannot read properties of undefined (reading 'type')
    at Weapon.update (http://localhost:5199/src/weapon.js:1427:11)
    at Game.animate (http://localhost:5199/src/game.js:2177:19)
    at http://localhost:5199/src/game.js:2149:38
[   21584ms] [ERROR] WebSocket connection to 'ws://localhost:5199/ws' failed: Connection closed before receiving a handshake response @ http://localhost:5199/src/network.js:28
[   21584ms] [WARNING] [Network] Conexão perdida, tentando reconectar em 3s... @ http://localhost:5199/src/network.js:68
[   21587ms] TypeError: Cannot read properties of undefined (reading 'type')
    at Weapon.update (http://localhost:5199/src/weapon.js:1427:11)
    at Game.animate (http://localhost:5199/src/game.js:2177:19)
    at http://localhost:5199/src/game.js:2149:38
[   21606ms] TypeError: Cannot read properties of undefined (reading 'type')
    at Weapon.update (http://localhost:5199/src/weapon.js:1427:11)
    at Game.animate (http://localhost:5199/src/game.js:2177:19)
    at http://localhost:5199/src/game.js:2149:38
[   21620ms] TypeError: Cannot read properties of undefined (reading 'type')
    at Weapon.update (http://localhost:5199/src/weapon.js:1427:11)
    at Game.animate (http://localhost:5199/src/game.js:2177:19)
    at http://localhost:5199/src/game.js:2149:38
[   21637ms] TypeError: Cannot read properties of undefined (reading 'type')
    at Weapon.update (http://localhost:5199/src/weapon.js:1427:11)
    at Game.animate (http://localhost:5199/src/game.js:2177:19)
    at http://localhost:5199/src/game.js:2149:38
[   21655ms] TypeError: Cannot read properties of undefined (reading 'type')
    at Weapon.update (http://localhost:5199/src/weapon.js:1427:11)
    at Game.animate (http://localhost:5199/src/game.js:2177:19)
    at http://localhost:5199/src/game.js:2149:38
[   21671ms] TypeError: Cannot read properties of undefined (reading 'type')
    at Weapon.update (http://localhost:5199/src/weapon.js:1427:11)
    at Game.animate (http://localhost:5199/src/game.js:2177:19)
    at http://localhost:5199/src/game.js:2149:38
[   21687ms] TypeError: Cannot read properties of undefined (reading 'type')
    at Weapon.update (http://localhost:5199/src/weapon.js:1427:11)
    at Game.animate (http://localhost:5199/src/game.js:2177:19)
    at http://localhost:5199/src/game.js:2149:38
[   21704ms] TypeError: Cannot read properties of undefined (reading 'type')
    at Weapon.update (http://localhost:5199/src/weapon.js:1427:11)
    at Game.animate (http://localhost:5199/src/game.js:2177:19)
    at http://localhost:5199/src/game.js:2149:38
[   21720ms] TypeError: Cannot read properties of undefined (reading 'type')
    at Weapon.update (http://localhost:5199/src/weapon.js:1427:11)
    at Game.animate (http://localhost:5199/src/game.js:2177:19)
    at http://localhost:5199/src/game.js:2149:38
[   21737ms] TypeError: Cannot read properties of undefined (reading 'type')
    at Weapon.update (http://localhost:5199/src/weapon.js:1427:11)
    at Game.animate (http://localhost:5199/src/game.js:2177:19)
    at http://localhost:5199/src/game.js:2149:38
[   21754ms] TypeError: Cannot read properties of undefined (reading 'type')
    at Weapon.update (http://localhost:5199/src/weapon.js:1427:11)
    at Game.animate (http://localhost:5199/src/game.js:2177:19)
    at http://localhost:5199/src/game.js:2149:38
[   21770ms] TypeError: Cannot read properties of undefined (reading 'type')
    at Weapon.update (http://localhost:5199/src/weapon.js:1427:11)
    at Game.animate (http://localhost:5199/src/game.js:2177:19)
    at http://localhost:5199/src/game.js:2149:38
[   21787ms] TypeError: Cannot read properties of undefined (reading 'type')
    at Weapon.update (http://localhost:5199/src/weapon.js:1427:11)
    at Game.animate (http://localhost:5199/src/game.js:2177:19)
    at http://localhost:5199/src/game.js:2149:38
[   21803ms] TypeError: Cannot read properties of undefined (reading 'type')
    at Weapon.update (http://localhost:5199/src/weapon.js:1427:11)
    at Game.animate (http://localhost:5199/src/game.js:2177:19)
    at http://localhost:5199/src/game.js:2149:38
[   21820ms] TypeError: Cannot read properties of undefined (reading 'type')
    at Weapon.update (http://localhost:5199/src/weapon.js:1427:11)
    at Game.animate (http://localhost:5199/src/game.js:2177:19)
    at http://localhost:5199/src/game.js:2149:38
[   21836ms] TypeError: Cannot read properties of undefined (reading 'type')
    at Weapon.update (http://localhost:5199/src/weapon.js:1427:11)
    at Game.animate (http://localhost:5199/src/game.js:2177:19)
    at http://localhost:5199/src/game.js:2149:38
[   21853ms] TypeError: Cannot read properties of undefined (reading 'type')
    at Weapon.update (http://localhost:5199/src/weapon.js:1427:11)
    at Game.animate (http://localhost:5199/src/game.js:2177:19)
    at http://localhost:5199/src/game.js:2149:38
[   21874ms] TypeError: Cannot read properties of undefined (reading 'type')
    at Weapon.update (http://localhost:5199/src/weapon.js:1427:11)
    at Game.animate (http://localhost:5199/src/game.js:2177:19)
    at http://localhost:5199/src/game.js:2149:38
[   21888ms] TypeError: Cannot read properties of undefined (reading 'type')
    at Weapon.update (http://localhost:5199/src/weapon.js:1427:11)
    at Game.animate (http://localhost:5199/src/game.js:2177:19)
    at http://localhost:5199/src/game.js:2149:38
[   21904ms] TypeError: Cannot read properties of undefined (reading 'type')
    at Weapon.update (http://localhost:5199/src/weapon.js:1427:11)
    at Game.animate (http://localhost:5199/src/game.js:2177:19)
    at http://localhost:5199/src/game.js:2149:38
[   21921ms] TypeError: Cannot read properties of undefined (reading 'type')
    at Weapon.update (http://localhost:5199/src/weapon.js:1427:11)
    at Game.animate (http://localhost:5199/src/game.js:2177:19)
    at http://localhost:5199/src/game.js:2149:38
[   21959ms] TypeError: Cannot read properties of undefined (reading 'type')
    at Weapon.update (http://localhost:5199/src/weapon.js:1427:11)
    at Game.animate (http://localhost:5199/src/game.js:2177:19)
    at http://localhost:5199/src/game.js:2149:38
[   21990ms] TypeError: Cannot read properties of undefined (reading 'type')
    at Weapon.update (http://localhost:5199/src/weapon.js:1427:11)
    at Game.animate (http://localhost:5199/src/game.js:2177:19)
    at http://localhost:5199/src/game.js:2149:38
[   22001ms] TypeError: Cannot read properties of undefined (reading 'type')
    at Weapon.update (http://localhost:5199/src/weapon.js:1427:11)
    at Game.animate (http://localhost:5199/src/game.js:2177:19)
    at http://localhost:5199/src/game.js:2149:38
[   22001ms] TypeError: Cannot read properties of undefined (reading 'type')
    at Weapon.update (http://localhost:5199/src/weapon.js:1427:11)
    at Game.animate (http://localhost:5199/src/game.js:2177:19)
    at http://localhost:5199/src/game.js:2149:38
[   22005ms] TypeError: Cannot read properties of undefined (reading 'type')
    at Weapon.update (http://localhost:5199/src/weapon.js:1427:11)
    at Game.animate (http://localhost:5199/src/game.js:2177:19)
    at http://localhost:5199/src/game.js:2149:38
[   22021ms] TypeError: Cannot read properties of undefined (reading 'type')
    at Weapon.update (http://localhost:5199/src/weapon.js:1427:11)
    at Game.animate (http://localhost:5199/src/game.js:2177:19)
    at http://localhost:5199/src/game.js:2149:38
[   22037ms] TypeError: Cannot read properties of undefined (reading 'type')
    at Weapon.update (http://localhost:5199/src/weapon.js:1427:11)
    at Game.animate (http://localhost:5199/src/game.js:2177:19)
    at http://localhost:5199/src/game.js:2149:38
[   22055ms] TypeError: Cannot read properties of undefined (reading 'type')
    at Weapon.update (http://localhost:5199/src/weapon.js:1427:11)
    at Game.animate (http://localhost:5199/src/game.js:2177:19)
    at http://localhost:5199/src/game.js:2149:38
[   22070ms] TypeError: Cannot read properties of undefined (reading 'type')
    at Weapon.update (http://localhost:5199/src/weapon.js:1427:11)
    at Game.animate (http://localhost:5199/src/game.js:2177:19)
    at http://localhost:5199/src/game.js:2149:38
[   22087ms] TypeError: Cannot read properties of undefined (reading 'type')
    at Weapon.update (http://localhost:5199/src/weapon.js:1427:11)
    at Game.animate (http://localhost:5199/src/game.js:2177:19)
    at http://localhost:5199/src/game.js:2149:38
[   22103ms] TypeError: Cannot read properties of undefined (reading 'type')
    at Weapon.update (http://localhost:5199/src/weapon.js:1427:11)
    at Game.animate (http://localhost:5199/src/game.js:2177:19)
    at http://localhost:5199/src/game.js:2149:38
[   22120ms] TypeError: Cannot read properties of undefined (reading 'type')
    at Weapon.update (http://localhost:5199/src/weapon.js:1427:11)
    at Game.animate (http://localhost:5199/src/game.js:2177:19)
    at http://localhost:5199/src/game.js:2149:38
[   22137ms] TypeError: Cannot read properties of undefined (reading 'type')
    at Weapon.update (http://localhost:5199/src/weapon.js:1427:11)
    at Game.animate (http://localhost:5199/src/game.js:2177:19)
    at http://localhost:5199/src/game.js:2149:38
[   22154ms] TypeError: Cannot read properties of undefined (reading 'type')
    at Weapon.update (http://localhost:5199/src/weapon.js:1427:11)
    at Game.animate (http://localhost:5199/src/game.js:2177:19)
    at http://localhost:5199/src/game.js:2149:38
[   22170ms] TypeError: Cannot read properties of undefined (reading 'type')
    at Weapon.update (http://localhost:5199/src/weapon.js:1427:11)
    at Game.animate (http://localhost:5199/src/game.js:2177:19)
    at http://localhost:5199/src/game.js:2149:38
[   22187ms] TypeError: Cannot read properties of undefined (reading 'type')
    at Weapon.update (http://localhost:5199/src/weapon.js:1427:11)
    at Game.animate (http://localhost:5199/src/game.js:2177:19)
    at http://localhost:5199/src/game.js:2149:38
[   22205ms] TypeError: Cannot read properties of undefined (reading 'type')
    at Weapon.update (http://localhost:5199/src/weapon.js:1427:11)
    at Game.animate (http://localhost:5199/src/game.js:2177:19)
    at http://localhost:5199/src/game.js:2149:38
[   22220ms] TypeError: Cannot read properties of undefined (reading 'type')
    at Weapon.update (http://localhost:5199/src/weapon.js:1427:11)
    at Game.animate (http://localhost:5199/src/game.js:2177:19)
    at http://localhost:5199/src/game.js:2149:38
[   22238ms] TypeError: Cannot read properties of undefined (reading 'type')
    at Weapon.update (http://localhost:5199/src/weapon.js:1427:11)
    at Game.animate (http://localhost:5199/src/game.js:2177:19)
    at http://localhost:5199/src/game.js:2149:38
[   22255ms] TypeError: Cannot read properties of undefined (reading 'type')
    at Weapon.update (http://localhost:5199/src/weapon.js:1427:11)
    at Game.animate (http://localhost:5199/src/game.js:2177:19)
    at http://localhost:5199/src/game.js:2149:38
[   22276ms] TypeError: Cannot read properties of undefined (reading 'type')
    at Weapon.update (http://localhost:5199/src/weapon.js:1427:11)
    at Game.animate (http://localhost:5199/src/game.js:2177:19)
    at http://localhost:5199/src/game.js:2149:38
[   22290ms] TypeError: Cannot read properties of undefined (reading 'type')
    at Weapon.update (http://localhost:5199/src/weapon.js:1427:11)
    at Game.animate (http://localhost:5199/src/game.js:2177:19)
    at http://localhost:5199/src/game.js:2149:38
[   22306ms] TypeError: Cannot read properties of undefined (reading 'type')
    at Weapon.update (http://localhost:5199/src/weapon.js:1427:11)
    at Game.animate (http://localhost:5199/src/game.js:2177:19)
    at http://localhost:5199/src/game.js:2149:38
[   22323ms] TypeError: Cannot read properties of undefined (reading 'type')
    at Weapon.update (http://localhost:5199/src/weapon.js:1427:11)
    at Game.animate (http://localhost:5199/src/game.js:2177:19)
    at http://localhost:5199/src/game.js:2149:38
[   22338ms] TypeError: Cannot read properties of undefined (reading 'type')
    at Weapon.update (http://localhost:5199/src/weapon.js:1427:11)
    at Game.animate (http://localhost:5199/src/game.js:2177:19)
    at http://localhost:5199/src/game.js:2149:38
[   22354ms] TypeError: Cannot read properties of undefined (reading 'type')
    at Weapon.update (http://localhost:5199/src/weapon.js:1427:11)
    at Game.animate (http://localhost:5199/src/game.js:2177:19)
    at http://localhost:5199/src/game.js:2149:38
[   22370ms] TypeError: Cannot read properties of undefined (reading 'type')
    at Weapon.update (http://localhost:5199/src/weapon.js:1427:11)
    at Game.animate (http://localhost:5199/src/game.js:2177:19)
    at http://localhost:5199/src/game.js:2149:38
[   22387ms] TypeError: Cannot read properties of undefined (reading 'type')
    at Weapon.update (http://localhost:5199/src/weapon.js:1427:11)
    at Game.animate (http://localhost:5199/src/game.js:2177:19)
    at http://localhost:5199/src/game.js:2149:38
[   22404ms] TypeError: Cannot read properties of undefined (reading 'type')
    at Weapon.update (http://localhost:5199/src/weapon.js:1427:11)
    at Game.animate (http://localhost:5199/src/game.js:2177:19)
    at http://localhost:5199/src/game.js:2149:38
[   22422ms] TypeError: Cannot read properties of undefined (reading 'type')
    at Weapon.update (http://localhost:5199/src/weapon.js:1427:11)
    at Game.animate (http://localhost:5199/src/game.js:2177:19)
    at http://localhost:5199/src/game.js:2149:38
[   22438ms] TypeError: Cannot read properties of undefined (reading 'type')
    at Weapon.update (http://localhost:5199/src/weapon.js:1427:11)
    at Game.animate (http://localhost:5199/src/game.js:2177:19)
    at http://localhost:5199/src/game.js:2149:38
[   22454ms] TypeError: Cannot read properties of undefined (reading 'type')
    at Weapon.update (http://localhost:5199/src/weapon.js:1427:11)
    at Game.animate (http://localhost:5199/src/game.js:2177:19)
    at http://localhost:5199/src/game.js:2149:38
[   22471ms] TypeError: Cannot read properties of undefined (reading 'type')
    at Weapon.update (http://localhost:5199/src/weapon.js:1427:11)
    at Game.animate (http://localhost:5199/src/game.js:2177:19)
    at http://localhost:5199/src/game.js:2149:38
[   22487ms] TypeError: Cannot read properties of undefined (reading 'type')
    at Weapon.update (http://localhost:5199/src/weapon.js:1427:11)
    at Game.animate (http://localhost:5199/src/game.js:2177:19)
    at http://localhost:5199/src/game.js:2149:38
[   22504ms] TypeError: Cannot read properties of undefined (reading 'type')
    at Weapon.update (http://localhost:5199/src/weapon.js:1427:11)
    at Game.animate (http://localhost:5199/src/game.js:2177:19)
    at http://localhost:5199/src/game.js:2149:38
[   22522ms] TypeError: Cannot read properties of undefined (reading 'type')
    at Weapon.update (http://localhost:5199/src/weapon.js:1427:11)
    at Game.animate (http://localhost:5199/src/game.js:2177:19)
    at http://localhost:5199/src/game.js:2149:38
[   22537ms] TypeError: Cannot read properties of undefined (reading 'type')
    at Weapon.update (http://localhost:5199/src/weapon.js:1427:11)
    at Game.animate (http://localhost:5199/src/game.js:2177:19)
    at http://localhost:5199/src/game.js:2149:38
[   22554ms] TypeError: Cannot read properties of undefined (reading 'type')
    at Weapon.update (http://localhost:5199/src/weapon.js:1427:11)
    at Game.animate (http://localhost:5199/src/game.js:2177:19)
    at http://localhost:5199/src/game.js:2149:38
[   22570ms] TypeError: Cannot read properties of undefined (reading 'type')
    at Weapon.update (http://localhost:5199/src/weapon.js:1427:11)
    at Game.animate (http://localhost:5199/src/game.js:2177:19)
    at http://localhost:5199/src/game.js:2149:38
[   22586ms] TypeError: Cannot read properties of undefined (reading 'type')
    at Weapon.update (http://localhost:5199/src/weapon.js:1427:11)
    at Game.animate (http://localhost:5199/src/game.js:2177:19)
    at http://localhost:5199/src/game.js:2149:38
[   22605ms] TypeError: Cannot read properties of undefined (reading 'type')
    at Weapon.update (http://localhost:5199/src/weapon.js:1427:11)
    at Game.animate (http://localhost:5199/src/game.js:2177:19)
    at http://localhost:5199/src/game.js:2149:38
[   22621ms] TypeError: Cannot read properties of undefined (reading 'type')
    at Weapon.update (http://localhost:5199/src/weapon.js:1427:11)
    at Game.animate (http://localhost:5199/src/game.js:2177:19)
    at http://localhost:5199/src/game.js:2149:38
[   22637ms] TypeError: Cannot read properties of undefined (reading 'type')
    at Weapon.update (http://localhost:5199/src/weapon.js:1427:11)
    at Game.animate (http://localhost:5199/src/game.js:2177:19)
    at http://localhost:5199/src/game.js:2149:38
[   22654ms] TypeError: Cannot read properties of undefined (reading 'type')
    at Weapon.update (http://localhost:5199/src/weapon.js:1427:11)
    at Game.animate (http://localhost:5199/src/game.js:2177:19)
    at http://localhost:5199/src/game.js:2149:38
[   22670ms] TypeError: Cannot read properties of undefined (reading 'type')
    at Weapon.update (http://localhost:5199/src/weapon.js:1427:11)
    at Game.animate (http://localhost:5199/src/game.js:2177:19)
    at http://localhost:5199/src/game.js:2149:38
[   22686ms] TypeError: Cannot read properties of undefined (reading 'type')
    at Weapon.update (http://localhost:5199/src/weapon.js:1427:11)
    at Game.animate (http://localhost:5199/src/game.js:2177:19)
    at http://localhost:5199/src/game.js:2149:38
[   22704ms] TypeError: Cannot read properties of undefined (reading 'type')
    at Weapon.update (http://localhost:5199/src/weapon.js:1427:11)
    at Game.animate (http://localhost:5199/src/game.js:2177:19)
    at http://localhost:5199/src/game.js:2149:38
[   22720ms] TypeError: Cannot read properties of undefined (reading 'type')
    at Weapon.update (http://localhost:5199/src/weapon.js:1427:11)
    at Game.animate (http://localhost:5199/src/game.js:2177:19)
    at http://localhost:5199/src/game.js:2149:38
[   22736ms] TypeError: Cannot read properties of undefined (reading 'type')
    at Weapon.update (http://localhost:5199/src/weapon.js:1427:11)
    at Game.animate (http://localhost:5199/src/game.js:2177:19)
    at http://localhost:5199/src/game.js:2149:38
[   22754ms] TypeError: Cannot read properties of undefined (reading 'type')
    at Weapon.update (http://localhost:5199/src/weapon.js:1427:11)
    at Game.animate (http://localhost:5199/src/game.js:2177:19)
    at http://localhost:5199/src/game.js:2149:38
[   22770ms] TypeError: Cannot read properties of undefined (reading 'type')
    at Weapon.update (http://localhost:5199/src/weapon.js:1427:11)
    at Game.animate (http://localhost:5199/src/game.js:2177:19)
    at http://localhost:5199/src/game.js:2149:38
[   22786ms] TypeError: Cannot read properties of undefined (reading 'type')
    at Weapon.update (http://localhost:5199/src/weapon.js:1427:11)
    at Game.animate (http://localhost:5199/src/game.js:2177:19)
    at http://localhost:5199/src/game.js:2149:38
[   22803ms] TypeError: Cannot read properties of undefined (reading 'type')
    at Weapon.update (http://localhost:5199/src/weapon.js:1427:11)
    at Game.animate (http://localhost:5199/src/game.js:2177:19)
    at http://localhost:5199/src/game.js:2149:38
[   22821ms] TypeError: Cannot read properties of undefined (reading 'type')
    at Weapon.update (http://localhost:5199/src/weapon.js:1427:11)
    at Game.animate (http://localhost:5199/src/game.js:2177:19)
    at http://localhost:5199/src/game.js:2149:38
[   22844ms] TypeError: Cannot read properties of undefined (reading 'type')
    at Weapon.update (http://localhost:5199/src/weapon.js:1427:11)
    at Game.animate (http://localhost:5199/src/game.js:2177:19)
    at http://localhost:5199/src/game.js:2149:38
[   22855ms] TypeError: Cannot read properties of undefined (reading 'type')
    at Weapon.update (http://localhost:5199/src/weapon.js:1427:11)
    at Game.animate (http://localhost:5199/src/game.js:2177:19)
    at http://localhost:5199/src/game.js:2149:38
[   22873ms] TypeError: Cannot read properties of undefined (reading 'type')
    at Weapon.update (http://localhost:5199/src/weapon.js:1427:11)
    at Game.animate (http://localhost:5199/src/game.js:2177:19)
    at http://localhost:5199/src/game.js:2149:38
[   22888ms] TypeError: Cannot read properties of undefined (reading 'type')
    at Weapon.update (http://localhost:5199/src/weapon.js:1427:11)
    at Game.animate (http://localhost:5199/src/game.js:2177:19)
    at http://localhost:5199/src/game.js:2149:38
[   22904ms] TypeError: Cannot read properties of undefined (reading 'type')
    at Weapon.update (http://localhost:5199/src/weapon.js:1427:11)
    at Game.animate (http://localhost:5199/src/game.js:2177:19)
    at http://localhost:5199/src/game.js:2149:38
[   22920ms] TypeError: Cannot read properties of undefined (reading 'type')
    at Weapon.update (http://localhost:5199/src/weapon.js:1427:11)
    at Game.animate (http://localhost:5199/src/game.js:2177:19)
    at http://localhost:5199/src/game.js:2149:38
[   22937ms] TypeError: Cannot read properties of undefined (reading 'type')
    at Weapon.update (http://localhost:5199/src/weapon.js:1427:11)
    at Game.animate (http://localhost:5199/src/game.js:2177:19)
    at http://localhost:5199/src/game.js:2149:38
[   22954ms] TypeError: Cannot read properties of undefined (reading 'type')
    at Weapon.update (http://localhost:5199/src/weapon.js:1427:11)
    at Game.animate (http://localhost:5199/src/game.js:2177:19)
    at http://localhost:5199/src/game.js:2149:38
[   22970ms] TypeError: Cannot read properties of undefined (reading 'type')
    at Weapon.update (http://localhost:5199/src/weapon.js:1427:11)
    at Game.animate (http://localhost:5199/src/game.js:2177:19)
    at http://localhost:5199/src/game.js:2149:38
[   22986ms] TypeError: Cannot read properties of undefined (reading 'type')
    at Weapon.update (http://localhost:5199/src/weapon.js:1427:11)
    at Game.animate (http://localhost:5199/src/game.js:2177:19)
    at http://localhost:5199/src/game.js:2149:38
[   23003ms] TypeError: Cannot read properties of undefined (reading 'type')
    at Weapon.update (http://localhost:5199/src/weapon.js:1427:11)
    at Game.animate (http://localhost:5199/src/game.js:2177:19)
    at http://localhost:5199/src/game.js:2149:38
[   23020ms] TypeError: Cannot read properties of undefined (reading 'type')
    at Weapon.update (http://localhost:5199/src/weapon.js:1427:11)
    at Game.animate (http://localhost:5199/src/game.js:2177:19)
    at http://localhost:5199/src/game.js:2149:38
[   23036ms] TypeError: Cannot read properties of undefined (reading 'type')
    at Weapon.update (http://localhost:5199/src/weapon.js:1427:11)
    at Game.animate (http://localhost:5199/src/game.js:2177:19)
    at http://localhost:5199/src/game.js:2149:38
[   23053ms] TypeError: Cannot read properties of undefined (reading 'type')
    at Weapon.update (http://localhost:5199/src/weapon.js:1427:11)
    at Game.animate (http://localhost:5199/src/game.js:2177:19)
    at http://localhost:5199/src/game.js:2149:38
[   23070ms] TypeError: Cannot read properties of undefined (reading 'type')
    at Weapon.update (http://localhost:5199/src/weapon.js:1427:11)
    at Game.animate (http://localhost:5199/src/game.js:2177:19)
    at http://localhost:5199/src/game.js:2149:38
[   23087ms] TypeError: Cannot read properties of undefined (reading 'type')
    at Weapon.update (http://localhost:5199/src/weapon.js:1427:11)
    at Game.animate (http://localhost:5199/src/game.js:2177:19)
    at http://localhost:5199/src/game.js:2149:38
[   23104ms] TypeError: Cannot read properties of undefined (reading 'type')
    at Weapon.update (http://localhost:5199/src/weapon.js:1427:11)
    at Game.animate (http://localhost:5199/src/game.js:2177:19)
    at http://localhost:5199/src/game.js:2149:38
[   23120ms] TypeError: Cannot read properties of undefined (reading 'type')
    at Weapon.update (http://localhost:5199/src/weapon.js:1427:11)
    at Game.animate (http://localhost:5199/src/game.js:2177:19)
    at http://localhost:5199/src/game.js:2149:38
[   23137ms] TypeError: Cannot read properties of undefined (reading 'type')
    at Weapon.update (http://localhost:5199/src/weapon.js:1427:11)
    at Game.animate (http://localhost:5199/src/game.js:2177:19)
    at http://localhost:5199/src/game.js:2149:38
[   23153ms] TypeError: Cannot read properties of undefined (reading 'type')
    at Weapon.update (http://localhost:5199/src/weapon.js:1427:11)
    at Game.animate (http://localhost:5199/src/game.js:2177:19)
    at http://localhost:5199/src/game.js:2149:38
[   23170ms] TypeError: Cannot read properties of undefined (reading 'type')
    at Weapon.update (http://localhost:5199/src/weapon.js:1427:11)
    at Game.animate (http://localhost:5199/src/game.js:2177:19)
    at http://localhost:5199/src/game.js:2149:38
[   23186ms] TypeError: Cannot read properties of undefined (reading 'type')
    at Weapon.update (http://localhost:5199/src/weapon.js:1427:11)
    at Game.animate (http://localhost:5199/src/game.js:2177:19)
    at http://localhost:5199/src/game.js:2149:38
[   23203ms] TypeError: Cannot read properties of undefined (reading 'type')
    at Weapon.update (http://localhost:5199/src/weapon.js:1427:11)
    at Game.animate (http://localhost:5199/src/game.js:2177:19)
    at http://localhost:5199/src/game.js:2149:38
[   23220ms] TypeError: Cannot read properties of undefined (reading 'type')
    at Weapon.update (http://localhost:5199/src/weapon.js:1427:11)
    at Game.animate (http://localhost:5199/src/game.js:2177:19)
    at http://localhost:5199/src/game.js:2149:38
[   23237ms] TypeError: Cannot read properties of undefined (reading 'type')
    at Weapon.update (http://localhost:5199/src/weapon.js:1427:11)
    at Game.animate (http://localhost:5199/src/game.js:2177:19)
    at http://localhost:5199/src/game.js:2149:38
[   23254ms] TypeError: Cannot read properties of undefined (reading 'type')
    at Weapon.update (http://localhost:5199/src/weapon.js:1427:11)
    at Game.animate (http://localhost:5199/src/game.js:2177:19)
    at http://localhost:5199/src/game.js:2149:38
[   23270ms] TypeError: Cannot read properties of undefined (reading 'type')
    at Weapon.update (http://localhost:5199/src/weapon.js:1427:11)
    at Game.animate (http://localhost:5199/src/game.js:2177:19)
    at http://localhost:5199/src/game.js:2149:38
[   23287ms] TypeError: Cannot read properties of undefined (reading 'type')
    at Weapon.update (http://localhost:5199/src/weapon.js:1427:11)
    at Game.animate (http://localhost:5199/src/game.js:2177:19)
    at http://localhost:5199/src/game.js:2149:38
[   23304ms] TypeError: Cannot read properties of undefined (reading 'type')
    at Weapon.update (http://localhost:5199/src/weapon.js:1427:11)
    at Game.animate (http://localhost:5199/src/game.js:2177:19)
    at http://localhost:5199/src/game.js:2149:38
[   23320ms] TypeError: Cannot read properties of undefined (reading 'type')
    at Weapon.update (http://localhost:5199/src/weapon.js:1427:11)
    at Game.animate (http://localhost:5199/src/game.js:2177:19)
    at http://localhost:5199/src/game.js:2149:38
[   23336ms] TypeError: Cannot read properties of undefined (reading 'type')
    at Weapon.update (http://localhost:5199/src/weapon.js:1427:11)
    at Game.animate (http://localhost:5199/src/game.js:2177:19)
    at http://localhost:5199/src/game.js:2149:38
[   23353ms] TypeError: Cannot read properties of undefined (reading 'type')
    at Weapon.update (http://localhost:5199/src/weapon.js:1427:11)
    at Game.animate (http://localhost:5199/src/game.js:2177:19)
    at http://localhost:5199/src/game.js:2149:38
[   23371ms] TypeError: Cannot read properties of undefined (reading 'type')
    at Weapon.update (http://localhost:5199/src/weapon.js:1427:11)
    at Game.animate (http://localhost:5199/src/game.js:2177:19)
    at http://localhost:5199/src/game.js:2149:38
[   23387ms] TypeError: Cannot read properties of undefined (reading 'type')
    at Weapon.update (http://localhost:5199/src/weapon.js:1427:11)
    at Game.animate (http://localhost:5199/src/game.js:2177:19)
    at http://localhost:5199/src/game.js:2149:38
[   23403ms] TypeError: Cannot read properties of undefined (reading 'type')
    at Weapon.update (http://localhost:5199/src/weapon.js:1427:11)
    at Game.animate (http://localhost:5199/src/game.js:2177:19)
    at http://localhost:5199/src/game.js:2149:38
[   23420ms] TypeError: Cannot read properties of undefined (reading 'type')
    at Weapon.update (http://localhost:5199/src/weapon.js:1427:11)
    at Game.animate (http://localhost:5199/src/game.js:2177:19)
    at http://localhost:5199/src/game.js:2149:38
[   23436ms] TypeError: Cannot read properties of undefined (reading 'type')
    at Weapon.update (http://localhost:5199/src/weapon.js:1427:11)
    at Game.animate (http://localhost:5199/src/game.js:2177:19)
    at http://localhost:5199/src/game.js:2149:38
[   23453ms] TypeError: Cannot read properties of undefined (reading 'type')
    at Weapon.update (http://localhost:5199/src/weapon.js:1427:11)
    at Game.animate (http://localhost:5199/src/game.js:2177:19)
    at http://localhost:5199/src/game.js:2149:38
[   23470ms] TypeError: Cannot read properties of undefined (reading 'type')
    at Weapon.update (http://localhost:5199/src/weapon.js:1427:11)
    at Game.animate (http://localhost:5199/src/game.js:2177:19)
    at http://localhost:5199/src/game.js:2149:38
[   23486ms] TypeError: Cannot read properties of undefined (reading 'type')
    at Weapon.update (http://localhost:5199/src/weapon.js:1427:11)
    at Game.animate (http://localhost:5199/src/game.js:2177:19)
    at http://localhost:5199/src/game.js:2149:38
[   23503ms] TypeError: Cannot read properties of undefined (reading 'type')
    at Weapon.update (http://localhost:5199/src/weapon.js:1427:11)
    at Game.animate (http://localhost:5199/src/game.js:2177:19)
    at http://localhost:5199/src/game.js:2149:38
[   23520ms] TypeError: Cannot read properties of undefined (reading 'type')
    at Weapon.update (http://localhost:5199/src/weapon.js:1427:11)
    at Game.animate (http://localhost:5199/src/game.js:2177:19)
    at http://localhost:5199/src/game.js:2149:38
[   23537ms] TypeError: Cannot read properties of undefined (reading 'type')
    at Weapon.update (http://localhost:5199/src/weapon.js:1427:11)
    at Game.animate (http://localhost:5199/src/game.js:2177:19)
    at http://localhost:5199/src/game.js:2149:38
[   23553ms] TypeError: Cannot read properties of undefined (reading 'type')
    at Weapon.update (http://localhost:5199/src/weapon.js:1427:11)
    at Game.animate (http://localhost:5199/src/game.js:2177:19)
    at http://localhost:5199/src/game.js:2149:38
[   23570ms] TypeError: Cannot read properties of undefined (reading 'type')
    at Weapon.update (http://localhost:5199/src/weapon.js:1427:11)
    at Game.animate (http://localhost:5199/src/game.js:2177:19)
    at http://localhost:5199/src/game.js:2149:38
[   23586ms] TypeError: Cannot read properties of undefined (reading 'type')
    at Weapon.update (http://localhost:5199/src/weapon.js:1427:11)
    at Game.animate (http://localhost:5199/src/game.js:2177:19)
    at http://localhost:5199/src/game.js:2149:38
[   23603ms] TypeError: Cannot read properties of undefined (reading 'type')
    at Weapon.update (http://localhost:5199/src/weapon.js:1427:11)
    at Game.animate (http://localhost:5199/src/game.js:2177:19)
    at http://localhost:5199/src/game.js:2149:38
[   23620ms] TypeError: Cannot read properties of undefined (reading 'type')
    at Weapon.update (http://localhost:5199/src/weapon.js:1427:11)
    at Game.animate (http://localhost:5199/src/game.js:2177:19)
    at http://localhost:5199/src/game.js:2149:38
[   23637ms] TypeError: Cannot read properties of undefined (reading 'type')
    at Weapon.update (http://localhost:5199/src/weapon.js:1427:11)
    at Game.animate (http://localhost:5199/src/game.js:2177:19)
    at http://localhost:5199/src/game.js:2149:38
[   23653ms] TypeError: Cannot read properties of undefined (reading 'type')
    at Weapon.update (http://localhost:5199/src/weapon.js:1427:11)
    at Game.animate (http://localhost:5199/src/game.js:2177:19)
    at http://localhost:5199/src/game.js:2149:38
[   23670ms] TypeError: Cannot read properties of undefined (reading 'type')
    at Weapon.update (http://localhost:5199/src/weapon.js:1427:11)
    at Game.animate (http://localhost:5199/src/game.js:2177:19)
    at http://localhost:5199/src/game.js:2149:38
[   23687ms] TypeError: Cannot read properties of undefined (reading 'type')
    at Weapon.update (http://localhost:5199/src/weapon.js:1427:11)
    at Game.animate (http://localhost:5199/src/game.js:2177:19)
    at http://localhost:5199/src/game.js:2149:38
[   23704ms] TypeError: Cannot read properties of undefined (reading 'type')
    at Weapon.update (http://localhost:5199/src/weapon.js:1427:11)
    at Game.animate (http://localhost:5199/src/game.js:2177:19)
    at http://localhost:5199/src/game.js:2149:38
[   23720ms] TypeError: Cannot read properties of undefined (reading 'type')
    at Weapon.update (http://localhost:5199/src/weapon.js:1427:11)
    at Game.animate (http://localhost:5199/src/game.js:2177:19)
    at http://localhost:5199/src/game.js:2149:38
[   23737ms] TypeError: Cannot read properties of undefined (reading 'type')
    at Weapon.update (http://localhost:5199/src/weapon.js:1427:11)
    at Game.animate (http://localhost:5199/src/game.js:2177:19)
    at http://localhost:5199/src/game.js:2149:38
[   23754ms] TypeError: Cannot read properties of undefined (reading 'type')
    at Weapon.update (http://localhost:5199/src/weapon.js:1427:11)
    at Game.animate (http://localhost:5199/src/game.js:2177:19)
    at http://localhost:5199/src/game.js:2149:38
[   23770ms] TypeError: Cannot read properties of undefined (reading 'type')
    at Weapon.update (http://localhost:5199/src/weapon.js:1427:11)
    at Game.animate (http://localhost:5199/src/game.js:2177:19)
    at http://localhost:5199/src/game.js:2149:38
[   23787ms] TypeError: Cannot read properties of undefined (reading 'type')
    at Weapon.update (http://localhost:5199/src/weapon.js:1427:11)
    at Game.animate (http://localhost:5199/src/game.js:2177:19)
    at http://localhost:5199/src/game.js:2149:38
[   23803ms] TypeError: Cannot read properties of undefined (reading 'type')
    at Weapon.update (http://localhost:5199/src/weapon.js:1427:11)
    at Game.animate (http://localhost:5199/src/game.js:2177:19)
    at http://localhost:5199/src/game.js:2149:38
[   23820ms] TypeError: Cannot read properties of undefined (reading 'type')
    at Weapon.update (http://localhost:5199/src/weapon.js:1427:11)
    at Game.animate (http://localhost:5199/src/game.js:2177:19)
    at http://localhost:5199/src/game.js:2149:38
[   23836ms] TypeError: Cannot read properties of undefined (reading 'type')
    at Weapon.update (http://localhost:5199/src/weapon.js:1427:11)
    at Game.animate (http://localhost:5199/src/game.js:2177:19)
    at http://localhost:5199/src/game.js:2149:38
[   23853ms] TypeError: Cannot read properties of undefined (reading 'type')
    at Weapon.update (http://localhost:5199/src/weapon.js:1427:11)
    at Game.animate (http://localhost:5199/src/game.js:2177:19)
    at http://localhost:5199/src/game.js:2149:38
[   23870ms] TypeError: Cannot read properties of undefined (reading 'type')
    at Weapon.update (http://localhost:5199/src/weapon.js:1427:11)
    at Game.animate (http://localhost:5199/src/game.js:2177:19)
    at http://localhost:5199/src/game.js:2149:38
[   23887ms] TypeError: Cannot read properties of undefined (reading 'type')
    at Weapon.update (http://localhost:5199/src/weapon.js:1427:11)
    at Game.animate (http://localhost:5199/src/game.js:2177:19)
    at http://localhost:5199/src/game.js:2149:38
[   23904ms] TypeError: Cannot read properties of undefined (reading 'type')
    at Weapon.update (http://localhost:5199/src/weapon.js:1427:11)
    at Game.animate (http://localhost:5199/src/game.js:2177:19)
    at http://localhost:5199/src/game.js:2149:38
[   23920ms] TypeError: Cannot read properties of undefined (reading 'type')
    at Weapon.update (http://localhost:5199/src/weapon.js:1427:11)
    at Game.animate (http://localhost:5199/src/game.js:2177:19)
    at http://localhost:5199/src/game.js:2149:38
[   23937ms] TypeError: Cannot read properties of undefined (reading 'type')
    at Weapon.update (http://localhost:5199/src/weapon.js:1427:11)
    at Game.animate (http://localhost:5199/src/game.js:2177:19)
    at http://localhost:5199/src/game.js:2149:38
[   23953ms] TypeError: Cannot read properties of undefined (reading 'type')
    at Weapon.update (http://localhost:5199/src/weapon.js:1427:11)
    at Game.animate (http://localhost:5199/src/game.js:2177:19)
    at http://localhost:5199/src/game.js:2149:38
[   23970ms] TypeError: Cannot read properties of undefined (reading 'type')
    at Weapon.update (http://localhost:5199/src/weapon.js:1427:11)
    at Game.animate (http://localhost:5199/src/game.js:2177:19)
    at http://localhost:5199/src/game.js:2149:38
[   23987ms] TypeError: Cannot read properties of undefined (reading 'type')
    at Weapon.update (http://localhost:5199/src/weapon.js:1427:11)
    at Game.animate (http://localhost:5199/src/game.js:2177:19)
    at http://localhost:5199/src/game.js:2149:38
[   24003ms] TypeError: Cannot read properties of undefined (reading 'type')
    at Weapon.update (http://localhost:5199/src/weapon.js:1427:11)
    at Game.animate (http://localhost:5199/src/game.js:2177:19)
    at http://localhost:5199/src/game.js:2149:38
[   24020ms] TypeError: Cannot read properties of undefined (reading 'type')
    at Weapon.update (http://localhost:5199/src/weapon.js:1427:11)
    at Game.animate (http://localhost:5199/src/game.js:2177:19)
    at http://localhost:5199/src/game.js:2149:38
[   24037ms] TypeError: Cannot read properties of undefined (reading 'type')
    at Weapon.update (http://localhost:5199/src/weapon.js:1427:11)
    at Game.animate (http://localhost:5199/src/game.js:2177:19)
    at http://localhost:5199/src/game.js:2149:38
[   24053ms] TypeError: Cannot read properties of undefined (reading 'type')
    at Weapon.update (http://localhost:5199/src/weapon.js:1427:11)
    at Game.animate (http://localhost:5199/src/game.js:2177:19)
    at http://localhost:5199/src/game.js:2149:38
[   24070ms] TypeError: Cannot read properties of undefined (reading 'type')
    at Weapon.update (http://localhost:5199/src/weapon.js:1427:11)
    at Game.animate (http://localhost:5199/src/game.js:2177:19)
    at http://localhost:5199/src/game.js:2149:38
[   24087ms] TypeError: Cannot read properties of undefined (reading 'type')
    at Weapon.update (http://localhost:5199/src/weapon.js:1427:11)
    at Game.animate (http://localhost:5199/src/game.js:2177:19)
    at http://localhost:5199/src/game.js:2149:38
[   24103ms] TypeError: Cannot read properties of undefined (reading 'type')
    at Weapon.update (http://localhost:5199/src/weapon.js:1427:11)
    at Game.animate (http://localhost:5199/src/game.js:2177:19)
    at http://localhost:5199/src/game.js:2149:38
[   24120ms] TypeError: Cannot read properties of undefined (reading 'type')
    at Weapon.update (http://localhost:5199/src/weapon.js:1427:11)
    at Game.animate (http://localhost:5199/src/game.js:2177:19)
    at http://localhost:5199/src/game.js:2149:38
[   24137ms] TypeError: Cannot read properties of undefined (reading 'type')
    at Weapon.update (http://localhost:5199/src/weapon.js:1427:11)
    at Game.animate (http://localhost:5199/src/game.js:2177:19)
    at http://localhost:5199/src/game.js:2149:38
[   24153ms] TypeError: Cannot read properties of undefined (reading 'type')
    at Weapon.update (http://localhost:5199/src/weapon.js:1427:11)
    at Game.animate (http://localhost:5199/src/game.js:2177:19)
    at http://localhost:5199/src/game.js:2149:38
[   24170ms] TypeError: Cannot read properties of undefined (reading 'type')
    at Weapon.update (http://localhost:5199/src/weapon.js:1427:11)
    at Game.animate (http://localhost:5199/src/game.js:2177:19)
    at http://localhost:5199/src/game.js:2149:38
[   24186ms] TypeError: Cannot read properties of undefined (reading 'type')
    at Weapon.update (http://localhost:5199/src/weapon.js:1427:11)
    at Game.animate (http://localhost:5199/src/game.js:2177:19)
    at http://localhost:5199/src/game.js:2149:38
[   24204ms] TypeError: Cannot read properties of undefined (reading 'type')
    at Weapon.update (http://localhost:5199/src/weapon.js:1427:11)
    at Game.animate (http://localhost:5199/src/game.js:2177:19)
    at http://localhost:5199/src/game.js:2149:38
[   24220ms] TypeError: Cannot read properties of undefined (reading 'type')
    at Weapon.update (http://localhost:5199/src/weapon.js:1427:11)
    at Game.animate (http://localhost:5199/src/game.js:2177:19)
    at http://localhost:5199/src/game.js:2149:38
[   24238ms] TypeError: Cannot read properties of undefined (reading 'type')
    at Weapon.update (http://localhost:5199/src/weapon.js:1427:11)
    at Game.animate (http://localhost:5199/src/game.js:2177:19)
    at http://localhost:5199/src/game.js:2149:38
[   24253ms] TypeError: Cannot read properties of undefined (reading 'type')
    at Weapon.update (http://localhost:5199/src/weapon.js:1427:11)
    at Game.animate (http://localhost:5199/src/game.js:2177:19)
    at http://localhost:5199/src/game.js:2149:38
[   24270ms] TypeError: Cannot read properties of undefined (reading 'type')
    at Weapon.update (http://localhost:5199/src/weapon.js:1427:11)
    at Game.animate (http://localhost:5199/src/game.js:2177:19)
    at http://localhost:5199/src/game.js:2149:38
[   24286ms] TypeError: Cannot read properties of undefined (reading 'type')
    at Weapon.update (http://localhost:5199/src/weapon.js:1427:11)
    at Game.animate (http://localhost:5199/src/game.js:2177:19)
    at http://localhost:5199/src/game.js:2149:38
[   24303ms] TypeError: Cannot read properties of undefined (reading 'type')
    at Weapon.update (http://localhost:5199/src/weapon.js:1427:11)
    at Game.animate (http://localhost:5199/src/game.js:2177:19)
    at http://localhost:5199/src/game.js:2149:38
[   24320ms] TypeError: Cannot read properties of undefined (reading 'type')
    at Weapon.update (http://localhost:5199/src/weapon.js:1427:11)
    at Game.animate (http://localhost:5199/src/game.js:2177:19)
    at http://localhost:5199/src/game.js:2149:38
[   24336ms] TypeError: Cannot read properties of undefined (reading 'type')
    at Weapon.update (http://localhost:5199/src/weapon.js:1427:11)
    at Game.animate (http://localhost:5199/src/game.js:2177:19)
    at http://localhost:5199/src/game.js:2149:38
[   24353ms] TypeError: Cannot read properties of undefined (reading 'type')
    at Weapon.update (http://localhost:5199/src/weapon.js:1427:11)
    at Game.animate (http://localhost:5199/src/game.js:2177:19)
    at http://localhost:5199/src/game.js:2149:38
[   24370ms] TypeError: Cannot read properties of undefined (reading 'type')
    at Weapon.update (http://localhost:5199/src/weapon.js:1427:11)
    at Game.animate (http://localhost:5199/src/game.js:2177:19)
    at http://localhost:5199/src/game.js:2149:38
[   24387ms] TypeError: Cannot read properties of undefined (reading 'type')
    at Weapon.update (http://localhost:5199/src/weapon.js:1427:11)
    at Game.animate (http://localhost:5199/src/game.js:2177:19)
    at http://localhost:5199/src/game.js:2149:38
[   24403ms] TypeError: Cannot read properties of undefined (reading 'type')
    at Weapon.update (http://localhost:5199/src/weapon.js:1427:11)
    at Game.animate (http://localhost:5199/src/game.js:2177:19)
    at http://localhost:5199/src/game.js:2149:38
[   24420ms] TypeError: Cannot read properties of undefined (reading 'type')
    at Weapon.update (http://localhost:5199/src/weapon.js:1427:11)
    at Game.animate (http://localhost:5199/src/game.js:2177:19)
    at http://localhost:5199/src/game.js:2149:38
[   24437ms] TypeError: Cannot read properties of undefined (reading 'type')
    at Weapon.update (http://localhost:5199/src/weapon.js:1427:11)
    at Game.animate (http://localhost:5199/src/game.js:2177:19)
    at http://localhost:5199/src/game.js:2149:38
[   24454ms] TypeError: Cannot read properties of undefined (reading 'type')
    at Weapon.update (http://localhost:5199/src/weapon.js:1427:11)
    at Game.animate (http://localhost:5199/src/game.js:2177:19)
    at http://localhost:5199/src/game.js:2149:38
[   24469ms] TypeError: Cannot read properties of undefined (reading 'type')
    at Weapon.update (http://localhost:5199/src/weapon.js:1427:11)
    at Game.animate (http://localhost:5199/src/game.js:2177:19)
    at http://localhost:5199/src/game.js:2149:38
[   24486ms] TypeError: Cannot read properties of undefined (reading 'type')
    at Weapon.update (http://localhost:5199/src/weapon.js:1427:11)
    at Game.animate (http://localhost:5199/src/game.js:2177:19)
    at http://localhost:5199/src/game.js:2149:38
[   24503ms] TypeError: Cannot read properties of undefined (reading 'type')
    at Weapon.update (http://localhost:5199/src/weapon.js:1427:11)
    at Game.animate (http://localhost:5199/src/game.js:2177:19)
    at http://localhost:5199/src/game.js:2149:38
[   24519ms] TypeError: Cannot read properties of undefined (reading 'type')
    at Weapon.update (http://localhost:5199/src/weapon.js:1427:11)
    at Game.animate (http://localhost:5199/src/game.js:2177:19)
    at http://localhost:5199/src/game.js:2149:38
[   24536ms] TypeError: Cannot read properties of undefined (reading 'type')
    at Weapon.update (http://localhost:5199/src/weapon.js:1427:11)
    at Game.animate (http://localhost:5199/src/game.js:2177:19)
    at http://localhost:5199/src/game.js:2149:38
[   24553ms] TypeError: Cannot read properties of undefined (reading 'type')
    at Weapon.update (http://localhost:5199/src/weapon.js:1427:11)
    at Game.animate (http://localhost:5199/src/game.js:2177:19)
    at http://localhost:5199/src/game.js:2149:38
[   24569ms] TypeError: Cannot read properties of undefined (reading 'type')
    at Weapon.update (http://localhost:5199/src/weapon.js:1427:11)
    at Game.animate (http://localhost:5199/src/game.js:2177:19)
    at http://localhost:5199/src/game.js:2149:38
[   24587ms] TypeError: Cannot read properties of undefined (reading 'type')
    at Weapon.update (http://localhost:5199/src/weapon.js:1427:11)
    at Game.animate (http://localhost:5199/src/game.js:2177:19)
    at http://localhost:5199/src/game.js:2149:38
[   24603ms] TypeError: Cannot read properties of undefined (reading 'type')
    at Weapon.update (http://localhost:5199/src/weapon.js:1427:11)
    at Game.animate (http://localhost:5199/src/game.js:2177:19)
    at http://localhost:5199/src/game.js:2149:38
[   24620ms] TypeError: Cannot read properties of undefined (reading 'type')
    at Weapon.update (http://localhost:5199/src/weapon.js:1427:11)
    at Game.animate (http://localhost:5199/src/game.js:2177:19)
    at http://localhost:5199/src/game.js:2149:38
[   24636ms] TypeError: Cannot read properties of undefined (reading 'type')
    at Weapon.update (http://localhost:5199/src/weapon.js:1427:11)
    at Game.animate (http://localhost:5199/src/game.js:2177:19)
    at http://localhost:5199/src/game.js:2149:38
[   24653ms] TypeError: Cannot read properties of undefined (reading 'type')
    at Weapon.update (http://localhost:5199/src/weapon.js:1427:11)
    at Game.animate (http://localhost:5199/src/game.js:2177:19)
    at http://localhost:5199/src/game.js:2149:38
[   24661ms] [ERROR] WebSocket connection to 'ws://localhost:5199/ws' failed: Connection closed before receiving a handshake response @ http://localhost:5199/src/network.js:28
[   24662ms] [WARNING] [Network] Conexão perdida, tentando reconectar em 3s... @ http://localhost:5199/src/network.js:68
[   24670ms] TypeError: Cannot read properties of undefined (reading 'type')
    at Weapon.update (http://localhost:5199/src/weapon.js:1427:11)
    at Game.animate (http://localhost:5199/src/game.js:2177:19)
    at http://localhost:5199/src/game.js:2149:38
[   24687ms] TypeError: Cannot read properties of undefined (reading 'type')
    at Weapon.update (http://localhost:5199/src/weapon.js:1427:11)
    at Game.animate (http://localhost:5199/src/game.js:2177:19)
    at http://localhost:5199/src/game.js:2149:38
[   24704ms] TypeError: Cannot read properties of undefined (reading 'type')
    at Weapon.update (http://localhost:5199/src/weapon.js:1427:11)
    at Game.animate (http://localhost:5199/src/game.js:2177:19)
    at http://localhost:5199/src/game.js:2149:38
[   24720ms] TypeError: Cannot read properties of undefined (reading 'type')
    at Weapon.update (http://localhost:5199/src/weapon.js:1427:11)
    at Game.animate (http://localhost:5199/src/game.js:2177:19)
    at http://localhost:5199/src/game.js:2149:38
[   24737ms] TypeError: Cannot read properties of undefined (reading 'type')
    at Weapon.update (http://localhost:5199/src/weapon.js:1427:11)
    at Game.animate (http://localhost:5199/src/game.js:2177:19)
    at http://localhost:5199/src/game.js:2149:38
[   24753ms] TypeError: Cannot read properties of undefined (reading 'type')
    at Weapon.update (http://localhost:5199/src/weapon.js:1427:11)
    at Game.animate (http://localhost:5199/src/game.js:2177:19)
    at http://localhost:5199/src/game.js:2149:38
[   24770ms] TypeError: Cannot read properties of undefined (reading 'type')
    at Weapon.update (http://localhost:5199/src/weapon.js:1427:11)
    at Game.animate (http://localhost:5199/src/game.js:2177:19)
    at http://localhost:5199/src/game.js:2149:38
[   24787ms] TypeError: Cannot read properties of undefined (reading 'type')
    at Weapon.update (http://localhost:5199/src/weapon.js:1427:11)
    at Game.animate (http://localhost:5199/src/game.js:2177:19)
    at http://localhost:5199/src/game.js:2149:38
[   24803ms] TypeError: Cannot read properties of undefined (reading 'type')
    at Weapon.update (http://localhost:5199/src/weapon.js:1427:11)
    at Game.animate (http://localhost:5199/src/game.js:2177:19)
    at http://localhost:5199/src/game.js:2149:38
[   24819ms] TypeError: Cannot read properties of undefined (reading 'type')
    at Weapon.update (http://localhost:5199/src/weapon.js:1427:11)
    at Game.animate (http://localhost:5199/src/game.js:2177:19)
    at http://localhost:5199/src/game.js:2149:38
[   24836ms] TypeError: Cannot read properties of undefined (reading 'type')
    at Weapon.update (http://localhost:5199/src/weapon.js:1427:11)
    at Game.animate (http://localhost:5199/src/game.js:2177:19)
    at http://localhost:5199/src/game.js:2149:38
[   24853ms] TypeError: Cannot read properties of undefined (reading 'type')
    at Weapon.update (http://localhost:5199/src/weapon.js:1427:11)
    at Game.animate (http://localhost:5199/src/game.js:2177:19)
    at http://localhost:5199/src/game.js:2149:38
[   24871ms] TypeError: Cannot read properties of undefined (reading 'type')
    at Weapon.update (http://localhost:5199/src/weapon.js:1427:11)
    at Game.animate (http://localhost:5199/src/game.js:2177:19)
    at http://localhost:5199/src/game.js:2149:38
[   24887ms] TypeError: Cannot read properties of undefined (reading 'type')
    at Weapon.update (http://localhost:5199/src/weapon.js:1427:11)
    at Game.animate (http://localhost:5199/src/game.js:2177:19)
    at http://localhost:5199/src/game.js:2149:38
[   24903ms] TypeError: Cannot read properties of undefined (reading 'type')
    at Weapon.update (http://localhost:5199/src/weapon.js:1427:11)
    at Game.animate (http://localhost:5199/src/game.js:2177:19)
    at http://localhost:5199/src/game.js:2149:38
[   24921ms] TypeError: Cannot read properties of undefined (reading 'type')
    at Weapon.update (http://localhost:5199/src/weapon.js:1427:11)
    at Game.animate (http://localhost:5199/src/game.js:2177:19)
    at http://localhost:5199/src/game.js:2149:38
[   24936ms] TypeError: Cannot read properties of undefined (reading 'type')
    at Weapon.update (http://localhost:5199/src/weapon.js:1427:11)
    at Game.animate (http://localhost:5199/src/game.js:2177:19)
    at http://localhost:5199/src/game.js:2149:38
[   24954ms] TypeError: Cannot read properties of undefined (reading 'type')
    at Weapon.update (http://localhost:5199/src/weapon.js:1427:11)
    at Game.animate (http://localhost:5199/src/game.js:2177:19)
    at http://localhost:5199/src/game.js:2149:38
[   24972ms] TypeError: Cannot read properties of undefined (reading 'type')
    at Weapon.update (http://localhost:5199/src/weapon.js:1427:11)
    at Game.animate (http://localhost:5199/src/game.js:2177:19)
    at http://localhost:5199/src/game.js:2149:38
[   24987ms] TypeError: Cannot read properties of undefined (reading 'type')
    at Weapon.update (http://localhost:5199/src/weapon.js:1427:11)
    at Game.animate (http://localhost:5199/src/game.js:2177:19)
    at http://localhost:5199/src/game.js:2149:38
[   25003ms] TypeError: Cannot read properties of undefined (reading 'type')
    at Weapon.update (http://localhost:5199/src/weapon.js:1427:11)
    at Game.animate (http://localhost:5199/src/game.js:2177:19)
    at http://localhost:5199/src/game.js:2149:38
[   25021ms] TypeError: Cannot read properties of undefined (reading 'type')
    at Weapon.update (http://localhost:5199/src/weapon.js:1427:11)
    at Game.animate (http://localhost:5199/src/game.js:2177:19)
    at http://localhost:5199/src/game.js:2149:38
[   25037ms] TypeError: Cannot read properties of undefined (reading 'type')
    at Weapon.update (http://localhost:5199/src/weapon.js:1427:11)
    at Game.animate (http://localhost:5199/src/game.js:2177:19)
    at http://localhost:5199/src/game.js:2149:38
[   25053ms] TypeError: Cannot read properties of undefined (reading 'type')
    at Weapon.update (http://localhost:5199/src/weapon.js:1427:11)
    at Game.animate (http://localhost:5199/src/game.js:2177:19)
    at http://localhost:5199/src/game.js:2149:38
[   25070ms] TypeError: Cannot read properties of undefined (reading 'type')
    at Weapon.update (http://localhost:5199/src/weapon.js:1427:11)
    at Game.animate (http://localhost:5199/src/game.js:2177:19)
    at http://localhost:5199/src/game.js:2149:38
[   25088ms] TypeError: Cannot read properties of undefined (reading 'type')
    at Weapon.update (http://localhost:5199/src/weapon.js:1427:11)
    at Game.animate (http://localhost:5199/src/game.js:2177:19)
    at http://localhost:5199/src/game.js:2149:38
[   25104ms] TypeError: Cannot read properties of undefined (reading 'type')
    at Weapon.update (http://localhost:5199/src/weapon.js:1427:11)
    at Game.animate (http://localhost:5199/src/game.js:2177:19)
    at http://localhost:5199/src/game.js:2149:38
[   25119ms] TypeError: Cannot read properties of undefined (reading 'type')
    at Weapon.update (http://localhost:5199/src/weapon.js:1427:11)
    at Game.animate (http://localhost:5199/src/game.js:2177:19)
    at http://localhost:5199/src/game.js:2149:38
[   25136ms] TypeError: Cannot read properties of undefined (reading 'type')
    at Weapon.update (http://localhost:5199/src/weapon.js:1427:11)
    at Game.animate (http://localhost:5199/src/game.js:2177:19)
    at http://localhost:5199/src/game.js:2149:38
[   25154ms] TypeError: Cannot read properties of undefined (reading 'type')
    at Weapon.update (http://localhost:5199/src/weapon.js:1427:11)
    at Game.animate (http://localhost:5199/src/game.js:2177:19)
    at http://localhost:5199/src/game.js:2149:38
[   25170ms] TypeError: Cannot read properties of undefined (reading 'type')
    at Weapon.update (http://localhost:5199/src/weapon.js:1427:11)
    at Game.animate (http://localhost:5199/src/game.js:2177:19)
    at http://localhost:5199/src/game.js:2149:38
[   25187ms] TypeError: Cannot read properties of undefined (reading 'type')
    at Weapon.update (http://localhost:5199/src/weapon.js:1427:11)
    at Game.animate (http://localhost:5199/src/game.js:2177:19)
    at http://localhost:5199/src/game.js:2149:38
[   25204ms] TypeError: Cannot read properties of undefined (reading 'type')
    at Weapon.update (http://localhost:5199/src/weapon.js:1427:11)
    at Game.animate (http://localhost:5199/src/game.js:2177:19)
    at http://localhost:5199/src/game.js:2149:38
[   25220ms] TypeError: Cannot read properties of undefined (reading 'type')
    at Weapon.update (http://localhost:5199/src/weapon.js:1427:11)
    at Game.animate (http://localhost:5199/src/game.js:2177:19)
    at http://localhost:5199/src/game.js:2149:38
[   25237ms] TypeError: Cannot read properties of undefined (reading 'type')
    at Weapon.update (http://localhost:5199/src/weapon.js:1427:11)
    at Game.animate (http://localhost:5199/src/game.js:2177:19)
    at http://localhost:5199/src/game.js:2149:38
[   25253ms] TypeError: Cannot read properties of undefined (reading 'type')
    at Weapon.update (http://localhost:5199/src/weapon.js:1427:11)
    at Game.animate (http://localhost:5199/src/game.js:2177:19)
    at http://localhost:5199/src/game.js:2149:38
[   25270ms] TypeError: Cannot read properties of undefined (reading 'type')
    at Weapon.update (http://localhost:5199/src/weapon.js:1427:11)
    at Game.animate (http://localhost:5199/src/game.js:2177:19)
    at http://localhost:5199/src/game.js:2149:38
[   25288ms] TypeError: Cannot read properties of undefined (reading 'type')
    at Weapon.update (http://localhost:5199/src/weapon.js:1427:11)
    at Game.animate (http://localhost:5199/src/game.js:2177:19)
    at http://localhost:5199/src/game.js:2149:38
[   25304ms] TypeError: Cannot read properties of undefined (reading 'type')
    at Weapon.update (http://localhost:5199/src/weapon.js:1427:11)
    at Game.animate (http://localhost:5199/src/game.js:2177:19)
    at http://localhost:5199/src/game.js:2149:38
[   25320ms] TypeError: Cannot read properties of undefined (reading 'type')
    at Weapon.update (http://localhost:5199/src/weapon.js:1427:11)
    at Game.animate (http://localhost:5199/src/game.js:2177:19)
    at http://localhost:5199/src/game.js:2149:38
[   25337ms] TypeError: Cannot read properties of undefined (reading 'type')
    at Weapon.update (http://localhost:5199/src/weapon.js:1427:11)
    at Game.animate (http://localhost:5199/src/game.js:2177:19)
    at http://localhost:5199/src/game.js:2149:38
[   25353ms] TypeError: Cannot read properties of undefined (reading 'type')
    at Weapon.update (http://localhost:5199/src/weapon.js:1427:11)
    at Game.animate (http://localhost:5199/src/game.js:2177:19)
    at http://localhost:5199/src/game.js:2149:38
[   25371ms] TypeError: Cannot read properties of undefined (reading 'type')
    at Weapon.update (http://localhost:5199/src/weapon.js:1427:11)
    at Game.animate (http://localhost:5199/src/game.js:2177:19)
    at http://localhost:5199/src/game.js:2149:38
[   25387ms] TypeError: Cannot read properties of undefined (reading 'type')
    at Weapon.update (http://localhost:5199/src/weapon.js:1427:11)
    at Game.animate (http://localhost:5199/src/game.js:2177:19)
    at http://localhost:5199/src/game.js:2149:38
[   25403ms] TypeError: Cannot read properties of undefined (reading 'type')
    at Weapon.update (http://localhost:5199/src/weapon.js:1427:11)
    at Game.animate (http://localhost:5199/src/game.js:2177:19)
    at http://localhost:5199/src/game.js:2149:38
[   25420ms] TypeError: Cannot read properties of undefined (reading 'type')
    at Weapon.update (http://localhost:5199/src/weapon.js:1427:11)
    at Game.animate (http://localhost:5199/src/game.js:2177:19)
    at http://localhost:5199/src/game.js:2149:38
[   25436ms] TypeError: Cannot read properties of undefined (reading 'type')
    at Weapon.update (http://localhost:5199/src/weapon.js:1427:11)
    at Game.animate (http://localhost:5199/src/game.js:2177:19)
    at http://localhost:5199/src/game.js:2149:38
[   25453ms] TypeError: Cannot read properties of undefined (reading 'type')
    at Weapon.update (http://localhost:5199/src/weapon.js:1427:11)
    at Game.animate (http://localhost:5199/src/game.js:2177:19)
    at http://localhost:5199/src/game.js:2149:38
[   25469ms] TypeError: Cannot read properties of undefined (reading 'type')
    at Weapon.update (http://localhost:5199/src/weapon.js:1427:11)
    at Game.animate (http://localhost:5199/src/game.js:2177:19)
    at http://localhost:5199/src/game.js:2149:38
[   25487ms] TypeError: Cannot read properties of undefined (reading 'type')
    at Weapon.update (http://localhost:5199/src/weapon.js:1427:11)
    at Game.animate (http://localhost:5199/src/game.js:2177:19)
    at http://localhost:5199/src/game.js:2149:38
[   25503ms] TypeError: Cannot read properties of undefined (reading 'type')
    at Weapon.update (http://localhost:5199/src/weapon.js:1427:11)
    at Game.animate (http://localhost:5199/src/game.js:2177:19)
    at http://localhost:5199/src/game.js:2149:38
[   25520ms] TypeError: Cannot read properties of undefined (reading 'type')
    at Weapon.update (http://localhost:5199/src/weapon.js:1427:11)
    at Game.animate (http://localhost:5199/src/game.js:2177:19)
    at http://localhost:5199/src/game.js:2149:38
[   25536ms] TypeError: Cannot read properties of undefined (reading 'type')
    at Weapon.update (http://localhost:5199/src/weapon.js:1427:11)
    at Game.animate (http://localhost:5199/src/game.js:2177:19)
    at http://localhost:5199/src/game.js:2149:38
[   25554ms] TypeError: Cannot read properties of undefined (reading 'type')
    at Weapon.update (http://localhost:5199/src/weapon.js:1427:11)
    at Game.animate (http://localhost:5199/src/game.js:2177:19)
    at http://localhost:5199/src/game.js:2149:38
[   25570ms] TypeError: Cannot read properties of undefined (reading 'type')
    at Weapon.update (http://localhost:5199/src/weapon.js:1427:11)
    at Game.animate (http://localhost:5199/src/game.js:2177:19)
    at http://localhost:5199/src/game.js:2149:38
[   25586ms] TypeError: Cannot read properties of undefined (reading 'type')
    at Weapon.update (http://localhost:5199/src/weapon.js:1427:11)
    at Game.animate (http://localhost:5199/src/game.js:2177:19)
    at http://localhost:5199/src/game.js:2149:38
[   25604ms] TypeError: Cannot read properties of undefined (reading 'type')
    at Weapon.update (http://localhost:5199/src/weapon.js:1427:11)
    at Game.animate (http://localhost:5199/src/game.js:2177:19)
    at http://localhost:5199/src/game.js:2149:38
[   25620ms] TypeError: Cannot read properties of undefined (reading 'type')
    at Weapon.update (http://localhost:5199/src/weapon.js:1427:11)
    at Game.animate (http://localhost:5199/src/game.js:2177:19)
    at http://localhost:5199/src/game.js:2149:38
[   25637ms] TypeError: Cannot read properties of undefined (reading 'type')
    at Weapon.update (http://localhost:5199/src/weapon.js:1427:11)
    at Game.animate (http://localhost:5199/src/game.js:2177:19)
    at http://localhost:5199/src/game.js:2149:38
[   25653ms] TypeError: Cannot read properties of undefined (reading 'type')
    at Weapon.update (http://localhost:5199/src/weapon.js:1427:11)
    at Game.animate (http://localhost:5199/src/game.js:2177:19)
    at http://localhost:5199/src/game.js:2149:38
[   25670ms] TypeError: Cannot read properties of undefined (reading 'type')
    at Weapon.update (http://localhost:5199/src/weapon.js:1427:11)
    at Game.animate (http://localhost:5199/src/game.js:2177:19)
    at http://localhost:5199/src/game.js:2149:38
[   25687ms] TypeError: Cannot read properties of undefined (reading 'type')
    at Weapon.update (http://localhost:5199/src/weapon.js:1427:11)
    at Game.animate (http://localhost:5199/src/game.js:2177:19)
    at http://localhost:5199/src/game.js:2149:38
[   25704ms] TypeError: Cannot read properties of undefined (reading 'type')
    at Weapon.update (http://localhost:5199/src/weapon.js:1427:11)
    at Game.animate (http://localhost:5199/src/game.js:2177:19)
    at http://localhost:5199/src/game.js:2149:38
[   25719ms] TypeError: Cannot read properties of undefined (reading 'type')
    at Weapon.update (http://localhost:5199/src/weapon.js:1427:11)
    at Game.animate (http://localhost:5199/src/game.js:2177:19)
    at http://localhost:5199/src/game.js:2149:38
[   25737ms] TypeError: Cannot read properties of undefined (reading 'type')
    at Weapon.update (http://localhost:5199/src/weapon.js:1427:11)
    at Game.animate (http://localhost:5199/src/game.js:2177:19)
    at http://localhost:5199/src/game.js:2149:38
[   25753ms] TypeError: Cannot read properties of undefined (reading 'type')
    at Weapon.update (http://localhost:5199/src/weapon.js:1427:11)
    at Game.animate (http://localhost:5199/src/game.js:2177:19)
    at http://localhost:5199/src/game.js:2149:38
[   25769ms] TypeError: Cannot read properties of undefined (reading 'type')
    at Weapon.update (http://localhost:5199/src/weapon.js:1427:11)
    at Game.animate (http://localhost:5199/src/game.js:2177:19)
    at http://localhost:5199/src/game.js:2149:38
[   25787ms] TypeError: Cannot read properties of undefined (reading 'type')
    at Weapon.update (http://localhost:5199/src/weapon.js:1427:11)
    at Game.animate (http://localhost:5199/src/game.js:2177:19)
    at http://localhost:5199/src/game.js:2149:38
[   25804ms] TypeError: Cannot read properties of undefined (reading 'type')
    at Weapon.update (http://localhost:5199/src/weapon.js:1427:11)
    at Game.animate (http://localhost:5199/src/game.js:2177:19)
    at http://localhost:5199/src/game.js:2149:38
[   25819ms] TypeError: Cannot read properties of undefined (reading 'type')
    at Weapon.update (http://localhost:5199/src/weapon.js:1427:11)
    at Game.animate (http://localhost:5199/src/game.js:2177:19)
    at http://localhost:5199/src/game.js:2149:38
[   25836ms] TypeError: Cannot read properties of undefined (reading 'type')
    at Weapon.update (http://localhost:5199/src/weapon.js:1427:11)
    at Game.animate (http://localhost:5199/src/game.js:2177:19)
    at http://localhost:5199/src/game.js:2149:38
[   25854ms] TypeError: Cannot read properties of undefined (reading 'type')
    at Weapon.update (http://localhost:5199/src/weapon.js:1427:11)
    at Game.animate (http://localhost:5199/src/game.js:2177:19)
    at http://localhost:5199/src/game.js:2149:38
[   25870ms] TypeError: Cannot read properties of undefined (reading 'type')
    at Weapon.update (http://localhost:5199/src/weapon.js:1427:11)
    at Game.animate (http://localhost:5199/src/game.js:2177:19)
    at http://localhost:5199/src/game.js:2149:38
[   25887ms] TypeError: Cannot read properties of undefined (reading 'type')
    at Weapon.update (http://localhost:5199/src/weapon.js:1427:11)
    at Game.animate (http://localhost:5199/src/game.js:2177:19)
    at http://localhost:5199/src/game.js:2149:38
[   25903ms] TypeError: Cannot read properties of undefined (reading 'type')
    at Weapon.update (http://localhost:5199/src/weapon.js:1427:11)
    at Game.animate (http://localhost:5199/src/game.js:2177:19)
    at http://localhost:5199/src/game.js:2149:38
[   25920ms] TypeError: Cannot read properties of undefined (reading 'type')
    at Weapon.update (http://localhost:5199/src/weapon.js:1427:11)
    at Game.animate (http://localhost:5199/src/game.js:2177:19)
    at http://localhost:5199/src/game.js:2149:38
[   25936ms] TypeError: Cannot read properties of undefined (reading 'type')
    at Weapon.update (http://localhost:5199/src/weapon.js:1427:11)
    at Game.animate (http://localhost:5199/src/game.js:2177:19)
    at http://localhost:5199/src/game.js:2149:38
[   25953ms] TypeError: Cannot read properties of undefined (reading 'type')
    at Weapon.update (http://localhost:5199/src/weapon.js:1427:11)
    at Game.animate (http://localhost:5199/src/game.js:2177:19)
    at http://localhost:5199/src/game.js:2149:38
[   25970ms] TypeError: Cannot read properties of undefined (reading 'type')
    at Weapon.update (http://localhost:5199/src/weapon.js:1427:11)
    at Game.animate (http://localhost:5199/src/game.js:2177:19)
    at http://localhost:5199/src/game.js:2149:38
[   25987ms] TypeError: Cannot read properties of undefined (reading 'type')
    at Weapon.update (http://localhost:5199/src/weapon.js:1427:11)
    at Game.animate (http://localhost:5199/src/game.js:2177:19)
    at http://localhost:5199/src/game.js:2149:38
[   26003ms] TypeError: Cannot read properties of undefined (reading 'type')
    at Weapon.update (http://localhost:5199/src/weapon.js:1427:11)
    at Game.animate (http://localhost:5199/src/game.js:2177:19)
    at http://localhost:5199/src/game.js:2149:38
[   26021ms] TypeError: Cannot read properties of undefined (reading 'type')
    at Weapon.update (http://localhost:5199/src/weapon.js:1427:11)
    at Game.animate (http://localhost:5199/src/game.js:2177:19)
    at http://localhost:5199/src/game.js:2149:38
[   26038ms] TypeError: Cannot read properties of undefined (reading 'type')
    at Weapon.update (http://localhost:5199/src/weapon.js:1427:11)
    at Game.animate (http://localhost:5199/src/game.js:2177:19)
    at http://localhost:5199/src/game.js:2149:38
[   26053ms] TypeError: Cannot read properties of undefined (reading 'type')
    at Weapon.update (http://localhost:5199/src/weapon.js:1427:11)
    at Game.animate (http://localhost:5199/src/game.js:2177:19)
    at http://localhost:5199/src/game.js:2149:38
[   26074ms] TypeError: Cannot read properties of undefined (reading 'type')
    at Weapon.update (http://localhost:5199/src/weapon.js:1427:11)
    at Game.animate (http://localhost:5199/src/game.js:2177:19)
    at http://localhost:5199/src/game.js:2149:38
[   26087ms] TypeError: Cannot read properties of undefined (reading 'type')
    at Weapon.update (http://localhost:5199/src/weapon.js:1427:11)
    at Game.animate (http://localhost:5199/src/game.js:2177:19)
    at http://localhost:5199/src/game.js:2149:38
[   26103ms] TypeError: Cannot read properties of undefined (reading 'type')
    at Weapon.update (http://localhost:5199/src/weapon.js:1427:11)
    at Game.animate (http://localhost:5199/src/game.js:2177:19)
    at http://localhost:5199/src/game.js:2149:38
[   26124ms] TypeError: Cannot read properties of undefined (reading 'type')
    at Weapon.update (http://localhost:5199/src/weapon.js:1427:11)
    at Game.animate (http://localhost:5199/src/game.js:2177:19)
    at http://localhost:5199/src/game.js:2149:38
[   26136ms] TypeError: Cannot read properties of undefined (reading 'type')
    at Weapon.update (http://localhost:5199/src/weapon.js:1427:11)
    at Game.animate (http://localhost:5199/src/game.js:2177:19)
    at http://localhost:5199/src/game.js:2149:38
[   26153ms] TypeError: Cannot read properties of undefined (reading 'type')
    at Weapon.update (http://localhost:5199/src/weapon.js:1427:11)
    at Game.animate (http://localhost:5199/src/game.js:2177:19)
    at http://localhost:5199/src/game.js:2149:38
[   26170ms] TypeError: Cannot read properties of undefined (reading 'type')
    at Weapon.update (http://localhost:5199/src/weapon.js:1427:11)
    at Game.animate (http://localhost:5199/src/game.js:2177:19)
    at http://localhost:5199/src/game.js:2149:38
[   26186ms] TypeError: Cannot read properties of undefined (reading 'type')
    at Weapon.update (http://localhost:5199/src/weapon.js:1427:11)
    at Game.animate (http://localhost:5199/src/game.js:2177:19)
    at http://localhost:5199/src/game.js:2149:38
[   26203ms] TypeError: Cannot read properties of undefined (reading 'type')
    at Weapon.update (http://localhost:5199/src/weapon.js:1427:11)
    at Game.animate (http://localhost:5199/src/game.js:2177:19)
    at http://localhost:5199/src/game.js:2149:38
[   26220ms] TypeError: Cannot read properties of undefined (reading 'type')
    at Weapon.update (http://localhost:5199/src/weapon.js:1427:11)
    at Game.animate (http://localhost:5199/src/game.js:2177:19)
    at http://localhost:5199/src/game.js:2149:38
[   26236ms] TypeError: Cannot read properties of undefined (reading 'type')
    at Weapon.update (http://localhost:5199/src/weapon.js:1427:11)
    at Game.animate (http://localhost:5199/src/game.js:2177:19)
    at http://localhost:5199/src/game.js:2149:38
[   26253ms] TypeError: Cannot read properties of undefined (reading 'type')
    at Weapon.update (http://localhost:5199/src/weapon.js:1427:11)
    at Game.animate (http://localhost:5199/src/game.js:2177:19)
    at http://localhost:5199/src/game.js:2149:38
[   26269ms] TypeError: Cannot read properties of undefined (reading 'type')
    at Weapon.update (http://localhost:5199/src/weapon.js:1427:11)
    at Game.animate (http://localhost:5199/src/game.js:2177:19)
    at http://localhost:5199/src/game.js:2149:38
[   26286ms] TypeError: Cannot read properties of undefined (reading 'type')
    at Weapon.update (http://localhost:5199/src/weapon.js:1427:11)
    at Game.animate (http://localhost:5199/src/game.js:2177:19)
    at http://localhost:5199/src/game.js:2149:38
[   26303ms] TypeError: Cannot read properties of undefined (reading 'type')
    at Weapon.update (http://localhost:5199/src/weapon.js:1427:11)
    at Game.animate (http://localhost:5199/src/game.js:2177:19)
    at http://localhost:5199/src/game.js:2149:38
[   26320ms] TypeError: Cannot read properties of undefined (reading 'type')
    at Weapon.update (http://localhost:5199/src/weapon.js:1427:11)
    at Game.animate (http://localhost:5199/src/game.js:2177:19)
    at http://localhost:5199/src/game.js:2149:38
[   26337ms] TypeError: Cannot read properties of undefined (reading 'type')
    at Weapon.update (http://localhost:5199/src/weapon.js:1427:11)
    at Game.animate (http://localhost:5199/src/game.js:2177:19)
    at http://localhost:5199/src/game.js:2149:38
[   26353ms] TypeError: Cannot read properties of undefined (reading 'type')
    at Weapon.update (http://localhost:5199/src/weapon.js:1427:11)
    at Game.animate (http://localhost:5199/src/game.js:2177:19)
    at http://localhost:5199/src/game.js:2149:38
[   26370ms] TypeError: Cannot read properties of undefined (reading 'type')
    at Weapon.update (http://localhost:5199/src/weapon.js:1427:11)
    at Game.animate (http://localhost:5199/src/game.js:2177:19)
    at http://localhost:5199/src/game.js:2149:38
[   26387ms] TypeError: Cannot read properties of undefined (reading 'type')
    at Weapon.update (http://localhost:5199/src/weapon.js:1427:11)
    at Game.animate (http://localhost:5199/src/game.js:2177:19)
    at http://localhost:5199/src/game.js:2149:38
[   26402ms] TypeError: Cannot read properties of undefined (reading 'type')
    at Weapon.update (http://localhost:5199/src/weapon.js:1427:11)
    at Game.animate (http://localhost:5199/src/game.js:2177:19)
    at http://localhost:5199/src/game.js:2149:38
[   26419ms] TypeError: Cannot read properties of undefined (reading 'type')
    at Weapon.update (http://localhost:5199/src/weapon.js:1427:11)
    at Game.animate (http://localhost:5199/src/game.js:2177:19)
    at http://localhost:5199/src/game.js:2149:38
[   26436ms] TypeError: Cannot read properties of undefined (reading 'type')
    at Weapon.update (http://localhost:5199/src/weapon.js:1427:11)
    at Game.animate (http://localhost:5199/src/game.js:2177:19)
    at http://localhost:5199/src/game.js:2149:38
[   26453ms] TypeError: Cannot read properties of undefined (reading 'type')
    at Weapon.update (http://localhost:5199/src/weapon.js:1427:11)
    at Game.animate (http://localhost:5199/src/game.js:2177:19)
    at http://localhost:5199/src/game.js:2149:38
[   26470ms] TypeError: Cannot read properties of undefined (reading 'type')
    at Weapon.update (http://localhost:5199/src/weapon.js:1427:11)
    at Game.animate (http://localhost:5199/src/game.js:2177:19)
    at http://localhost:5199/src/game.js:2149:38
[   26486ms] TypeError: Cannot read properties of undefined (reading 'type')
    at Weapon.update (http://localhost:5199/src/weapon.js:1427:11)
    at Game.animate (http://localhost:5199/src/game.js:2177:19)
    at http://localhost:5199/src/game.js:2149:38
[   26503ms] TypeError: Cannot read properties of undefined (reading 'type')
    at Weapon.update (http://localhost:5199/src/weapon.js:1427:11)
    at Game.animate (http://localhost:5199/src/game.js:2177:19)
    at http://localhost:5199/src/game.js:2149:38
[   26520ms] TypeError: Cannot read properties of undefined (reading 'type')
    at Weapon.update (http://localhost:5199/src/weapon.js:1427:11)
    at Game.animate (http://localhost:5199/src/game.js:2177:19)
    at http://localhost:5199/src/game.js:2149:38
[   26536ms] TypeError: Cannot read properties of undefined (reading 'type')
    at Weapon.update (http://localhost:5199/src/weapon.js:1427:11)
    at Game.animate (http://localhost:5199/src/game.js:2177:19)
    at http://localhost:5199/src/game.js:2149:38
[   26553ms] TypeError: Cannot read properties of undefined (reading 'type')
    at Weapon.update (http://localhost:5199/src/weapon.js:1427:11)
    at Game.animate (http://localhost:5199/src/game.js:2177:19)
    at http://localhost:5199/src/game.js:2149:38
[   26569ms] TypeError: Cannot read properties of undefined (reading 'type')
    at Weapon.update (http://localhost:5199/src/weapon.js:1427:11)
    at Game.animate (http://localhost:5199/src/game.js:2177:19)
    at http://localhost:5199/src/game.js:2149:38
[   26591ms] TypeError: Cannot read properties of undefined (reading 'type')
    at Weapon.update (http://localhost:5199/src/weapon.js:1427:11)
    at Game.animate (http://localhost:5199/src/game.js:2177:19)
    at http://localhost:5199/src/game.js:2149:38
[   26603ms] TypeError: Cannot read properties of undefined (reading 'type')
    at Weapon.update (http://localhost:5199/src/weapon.js:1427:11)
    at Game.animate (http://localhost:5199/src/game.js:2177:19)
    at http://localhost:5199/src/game.js:2149:38
[   26620ms] TypeError: Cannot read properties of undefined (reading 'type')
    at Weapon.update (http://localhost:5199/src/weapon.js:1427:11)
    at Game.animate (http://localhost:5199/src/game.js:2177:19)
    at http://localhost:5199/src/game.js:2149:38
[   26636ms] TypeError: Cannot read properties of undefined (reading 'type')
    at Weapon.update (http://localhost:5199/src/weapon.js:1427:11)
    at Game.animate (http://localhost:5199/src/game.js:2177:19)
    at http://localhost:5199/src/game.js:2149:38
[   26653ms] TypeError: Cannot read properties of undefined (reading 'type')
    at Weapon.update (http://localhost:5199/src/weapon.js:1427:11)
    at Game.animate (http://localhost:5199/src/game.js:2177:19)
    at http://localhost:5199/src/game.js:2149:38
[   26670ms] TypeError: Cannot read properties of undefined (reading 'type')
    at Weapon.update (http://localhost:5199/src/weapon.js:1427:11)
    at Game.animate (http://localhost:5199/src/game.js:2177:19)
    at http://localhost:5199/src/game.js:2149:38
[   26686ms] TypeError: Cannot read properties of undefined (reading 'type')
    at Weapon.update (http://localhost:5199/src/weapon.js:1427:11)
    at Game.animate (http://localhost:5199/src/game.js:2177:19)
    at http://localhost:5199/src/game.js:2149:38
[   26702ms] TypeError: Cannot read properties of undefined (reading 'type')
    at Weapon.update (http://localhost:5199/src/weapon.js:1427:11)
    at Game.animate (http://localhost:5199/src/game.js:2177:19)
    at http://localhost:5199/src/game.js:2149:38
[   26719ms] TypeError: Cannot read properties of undefined (reading 'type')
    at Weapon.update (http://localhost:5199/src/weapon.js:1427:11)
    at Game.animate (http://localhost:5199/src/game.js:2177:19)
    at http://localhost:5199/src/game.js:2149:38
[   26736ms] TypeError: Cannot read properties of undefined (reading 'type')
    at Weapon.update (http://localhost:5199/src/weapon.js:1427:11)
    at Game.animate (http://localhost:5199/src/game.js:2177:19)
    at http://localhost:5199/src/game.js:2149:38
[   26753ms] TypeError: Cannot read properties of undefined (reading 'type')
    at Weapon.update (http://localhost:5199/src/weapon.js:1427:11)
    at Game.animate (http://localhost:5199/src/game.js:2177:19)
    at http://localhost:5199/src/game.js:2149:38
[   26770ms] TypeError: Cannot read properties of undefined (reading 'type')
    at Weapon.update (http://localhost:5199/src/weapon.js:1427:11)
    at Game.animate (http://localhost:5199/src/game.js:2177:19)
    at http://localhost:5199/src/game.js:2149:38
[   26787ms] TypeError: Cannot read properties of undefined (reading 'type')
    at Weapon.update (http://localhost:5199/src/weapon.js:1427:11)
    at Game.animate (http://localhost:5199/src/game.js:2177:19)
    at http://localhost:5199/src/game.js:2149:38
[   26803ms] TypeError: Cannot read properties of undefined (reading 'type')
    at Weapon.update (http://localhost:5199/src/weapon.js:1427:11)
    at Game.animate (http://localhost:5199/src/game.js:2177:19)
    at http://localhost:5199/src/game.js:2149:38
[   26819ms] TypeError: Cannot read properties of undefined (reading 'type')
    at Weapon.update (http://localhost:5199/src/weapon.js:1427:11)
    at Game.animate (http://localhost:5199/src/game.js:2177:19)
    at http://localhost:5199/src/game.js:2149:38
[   26836ms] TypeError: Cannot read properties of undefined (reading 'type')
    at Weapon.update (http://localhost:5199/src/weapon.js:1427:11)
    at Game.animate (http://localhost:5199/src/game.js:2177:19)
    at http://localhost:5199/src/game.js:2149:38
[   26854ms] TypeError: Cannot read properties of undefined (reading 'type')
    at Weapon.update (http://localhost:5199/src/weapon.js:1427:11)
    at Game.animate (http://localhost:5199/src/game.js:2177:19)
    at http://localhost:5199/src/game.js:2149:38
[   26869ms] TypeError: Cannot read properties of undefined (reading 'type')
    at Weapon.update (http://localhost:5199/src/weapon.js:1427:11)
    at Game.animate (http://localhost:5199/src/game.js:2177:19)
    at http://localhost:5199/src/game.js:2149:38
[   26886ms] TypeError: Cannot read properties of undefined (reading 'type')
    at Weapon.update (http://localhost:5199/src/weapon.js:1427:11)
    at Game.animate (http://localhost:5199/src/game.js:2177:19)
    at http://localhost:5199/src/game.js:2149:38
[   26904ms] TypeError: Cannot read properties of undefined (reading 'type')
    at Weapon.update (http://localhost:5199/src/weapon.js:1427:11)
    at Game.animate (http://localhost:5199/src/game.js:2177:19)
    at http://localhost:5199/src/game.js:2149:38
[   26920ms] TypeError: Cannot read properties of undefined (reading 'type')
    at Weapon.update (http://localhost:5199/src/weapon.js:1427:11)
    at Game.animate (http://localhost:5199/src/game.js:2177:19)
    at http://localhost:5199/src/game.js:2149:38
[   26936ms] TypeError: Cannot read properties of undefined (reading 'type')
    at Weapon.update (http://localhost:5199/src/weapon.js:1427:11)
    at Game.animate (http://localhost:5199/src/game.js:2177:19)
    at http://localhost:5199/src/game.js:2149:38
[   26953ms] TypeError: Cannot read properties of undefined (reading 'type')
    at Weapon.update (http://localhost:5199/src/weapon.js:1427:11)
    at Game.animate (http://localhost:5199/src/game.js:2177:19)
    at http://localhost:5199/src/game.js:2149:38
[   26970ms] TypeError: Cannot read properties of undefined (reading 'type')
    at Weapon.update (http://localhost:5199/src/weapon.js:1427:11)
    at Game.animate (http://localhost:5199/src/game.js:2177:19)
    at http://localhost:5199/src/game.js:2149:38
[   26987ms] TypeError: Cannot read properties of undefined (reading 'type')
    at Weapon.update (http://localhost:5199/src/weapon.js:1427:11)
    at Game.animate (http://localhost:5199/src/game.js:2177:19)
    at http://localhost:5199/src/game.js:2149:38
[   27003ms] TypeError: Cannot read properties of undefined (reading 'type')
    at Weapon.update (http://localhost:5199/src/weapon.js:1427:11)
    at Game.animate (http://localhost:5199/src/game.js:2177:19)
    at http://localhost:5199/src/game.js:2149:38
[   27019ms] TypeError: Cannot read properties of undefined (reading 'type')
    at Weapon.update (http://localhost:5199/src/weapon.js:1427:11)
    at Game.animate (http://localhost:5199/src/game.js:2177:19)
    at http://localhost:5199/src/game.js:2149:38
[   27036ms] TypeError: Cannot read properties of undefined (reading 'type')
    at Weapon.update (http://localhost:5199/src/weapon.js:1427:11)
    at Game.animate (http://localhost:5199/src/game.js:2177:19)
    at http://localhost:5199/src/game.js:2149:38
[   27053ms] TypeError: Cannot read properties of undefined (reading 'type')
    at Weapon.update (http://localhost:5199/src/weapon.js:1427:11)
    at Game.animate (http://localhost:5199/src/game.js:2177:19)
    at http://localhost:5199/src/game.js:2149:38
[   27070ms] TypeError: Cannot read properties of undefined (reading 'type')
    at Weapon.update (http://localhost:5199/src/weapon.js:1427:11)
    at Game.animate (http://localhost:5199/src/game.js:2177:19)
    at http://localhost:5199/src/game.js:2149:38
[   27087ms] TypeError: Cannot read properties of undefined (reading 'type')
    at Weapon.update (http://localhost:5199/src/weapon.js:1427:11)
    at Game.animate (http://localhost:5199/src/game.js:2177:19)
    at http://localhost:5199/src/game.js:2149:38
[   27102ms] TypeError: Cannot read properties of undefined (reading 'type')
    at Weapon.update (http://localhost:5199/src/weapon.js:1427:11)
    at Game.animate (http://localhost:5199/src/game.js:2177:19)
    at http://localhost:5199/src/game.js:2149:38
[   27119ms] TypeError: Cannot read properties of undefined (reading 'type')
    at Weapon.update (http://localhost:5199/src/weapon.js:1427:11)
    at Game.animate (http://localhost:5199/src/game.js:2177:19)
    at http://localhost:5199/src/game.js:2149:38
[   27137ms] TypeError: Cannot read properties of undefined (reading 'type')
    at Weapon.update (http://localhost:5199/src/weapon.js:1427:11)
    at Game.animate (http://localhost:5199/src/game.js:2177:19)
    at http://localhost:5199/src/game.js:2149:38
[   27153ms] TypeError: Cannot read properties of undefined (reading 'type')
    at Weapon.update (http://localhost:5199/src/weapon.js:1427:11)
    at Game.animate (http://localhost:5199/src/game.js:2177:19)
    at http://localhost:5199/src/game.js:2149:38
[   27170ms] TypeError: Cannot read properties of undefined (reading 'type')
    at Weapon.update (http://localhost:5199/src/weapon.js:1427:11)
    at Game.animate (http://localhost:5199/src/game.js:2177:19)
    at http://localhost:5199/src/game.js:2149:38
[   27187ms] TypeError: Cannot read properties of undefined (reading 'type')
    at Weapon.update (http://localhost:5199/src/weapon.js:1427:11)
    at Game.animate (http://localhost:5199/src/game.js:2177:19)
    at http://localhost:5199/src/game.js:2149:38
[   27203ms] TypeError: Cannot read properties of undefined (reading 'type')
    at Weapon.update (http://localhost:5199/src/weapon.js:1427:11)
    at Game.animate (http://localhost:5199/src/game.js:2177:19)
    at http://localhost:5199/src/game.js:2149:38
[   27220ms] TypeError: Cannot read properties of undefined (reading 'type')
    at Weapon.update (http://localhost:5199/src/weapon.js:1427:11)
    at Game.animate (http://localhost:5199/src/game.js:2177:19)
    at http://localhost:5199/src/game.js:2149:38
[   27237ms] TypeError: Cannot read properties of undefined (reading 'type')
    at Weapon.update (http://localhost:5199/src/weapon.js:1427:11)
    at Game.animate (http://localhost:5199/src/game.js:2177:19)
    at http://localhost:5199/src/game.js:2149:38
[   27253ms] TypeError: Cannot read properties of undefined (reading 'type')
    at Weapon.update (http://localhost:5199/src/weapon.js:1427:11)
    at Game.animate (http://localhost:5199/src/game.js:2177:19)
    at http://localhost:5199/src/game.js:2149:38
[   27269ms] TypeError: Cannot read properties of undefined (reading 'type')
    at Weapon.update (http://localhost:5199/src/weapon.js:1427:11)
    at Game.animate (http://localhost:5199/src/game.js:2177:19)
    at http://localhost:5199/src/game.js:2149:38
[   27298ms] TypeError: Cannot read properties of undefined (reading 'type')
    at Weapon.update (http://localhost:5199/src/weapon.js:1427:11)
    at Game.animate (http://localhost:5199/src/game.js:2177:19)
    at http://localhost:5199/src/game.js:2149:38
[   27304ms] TypeError: Cannot read properties of undefined (reading 'type')
    at Weapon.update (http://localhost:5199/src/weapon.js:1427:11)
    at Game.animate (http://localhost:5199/src/game.js:2177:19)
    at http://localhost:5199/src/game.js:2149:38
[   27321ms] TypeError: Cannot read properties of undefined (reading 'type')
    at Weapon.update (http://localhost:5199/src/weapon.js:1427:11)
    at Game.animate (http://localhost:5199/src/game.js:2177:19)
    at http://localhost:5199/src/game.js:2149:38
[   27338ms] TypeError: Cannot read properties of undefined (reading 'type')
    at Weapon.update (http://localhost:5199/src/weapon.js:1427:11)
    at Game.animate (http://localhost:5199/src/game.js:2177:19)
    at http://localhost:5199/src/game.js:2149:38
[   27354ms] TypeError: Cannot read properties of undefined (reading 'type')
    at Weapon.update (http://localhost:5199/src/weapon.js:1427:11)
    at Game.animate (http://localhost:5199/src/game.js:2177:19)
    at http://localhost:5199/src/game.js:2149:38
[   27370ms] TypeError: Cannot read properties of undefined (reading 'type')
    at Weapon.update (http://localhost:5199/src/weapon.js:1427:11)
    at Game.animate (http://localhost:5199/src/game.js:2177:19)
    at http://localhost:5199/src/game.js:2149:38
[   27386ms] TypeError: Cannot read properties of undefined (reading 'type')
    at Weapon.update (http://localhost:5199/src/weapon.js:1427:11)
    at Game.animate (http://localhost:5199/src/game.js:2177:19)
    at http://localhost:5199/src/game.js:2149:38
[   27403ms] TypeError: Cannot read properties of undefined (reading 'type')
    at Weapon.update (http://localhost:5199/src/weapon.js:1427:11)
    at Game.animate (http://localhost:5199/src/game.js:2177:19)
    at http://localhost:5199/src/game.js:2149:38
[   27419ms] TypeError: Cannot read properties of undefined (reading 'type')
    at Weapon.update (http://localhost:5199/src/weapon.js:1427:11)
    at Game.animate (http://localhost:5199/src/game.js:2177:19)
    at http://localhost:5199/src/game.js:2149:38
[   27436ms] TypeError: Cannot read properties of undefined (reading 'type')
    at Weapon.update (http://localhost:5199/src/weapon.js:1427:11)
    at Game.animate (http://localhost:5199/src/game.js:2177:19)
    at http://localhost:5199/src/game.js:2149:38
[   27453ms] TypeError: Cannot read properties of undefined (reading 'type')
    at Weapon.update (http://localhost:5199/src/weapon.js:1427:11)
    at Game.animate (http://localhost:5199/src/game.js:2177:19)
    at http://localhost:5199/src/game.js:2149:38
[   27469ms] TypeError: Cannot read properties of undefined (reading 'type')
    at Weapon.update (http://localhost:5199/src/weapon.js:1427:11)
    at Game.animate (http://localhost:5199/src/game.js:2177:19)
    at http://localhost:5199/src/game.js:2149:38
[   27486ms] TypeError: Cannot read properties of undefined (reading 'type')
    at Weapon.update (http://localhost:5199/src/weapon.js:1427:11)
    at Game.animate (http://localhost:5199/src/game.js:2177:19)
    at http://localhost:5199/src/game.js:2149:38
[   27503ms] TypeError: Cannot read properties of undefined (reading 'type')
    at Weapon.update (http://localhost:5199/src/weapon.js:1427:11)
    at Game.animate (http://localhost:5199/src/game.js:2177:19)
    at http://localhost:5199/src/game.js:2149:38
[   27520ms] TypeError: Cannot read properties of undefined (reading 'type')
    at Weapon.update (http://localhost:5199/src/weapon.js:1427:11)
    at Game.animate (http://localhost:5199/src/game.js:2177:19)
    at http://localhost:5199/src/game.js:2149:38
[   27537ms] TypeError: Cannot read properties of undefined (reading 'type')
    at Weapon.update (http://localhost:5199/src/weapon.js:1427:11)
    at Game.animate (http://localhost:5199/src/game.js:2177:19)
    at http://localhost:5199/src/game.js:2149:38
[   27555ms] TypeError: Cannot read properties of undefined (reading 'type')
    at Weapon.update (http://localhost:5199/src/weapon.js:1427:11)
    at Game.animate (http://localhost:5199/src/game.js:2177:19)
    at http://localhost:5199/src/game.js:2149:38
[   27570ms] TypeError: Cannot read properties of undefined (reading 'type')
    at Weapon.update (http://localhost:5199/src/weapon.js:1427:11)
    at Game.animate (http://localhost:5199/src/game.js:2177:19)
    at http://localhost:5199/src/game.js:2149:38
[   27586ms] TypeError: Cannot read properties of undefined (reading 'type')
    at Weapon.update (http://localhost:5199/src/weapon.js:1427:11)
    at Game.animate (http://localhost:5199/src/game.js:2177:19)
    at http://localhost:5199/src/game.js:2149:38
[   27603ms] TypeError: Cannot read properties of undefined (reading 'type')
    at Weapon.update (http://localhost:5199/src/weapon.js:1427:11)
    at Game.animate (http://localhost:5199/src/game.js:2177:19)
    at http://localhost:5199/src/game.js:2149:38
[   27620ms] TypeError: Cannot read properties of undefined (reading 'type')
    at Weapon.update (http://localhost:5199/src/weapon.js:1427:11)
    at Game.animate (http://localhost:5199/src/game.js:2177:19)
    at http://localhost:5199/src/game.js:2149:38
[   27637ms] TypeError: Cannot read properties of undefined (reading 'type')
    at Weapon.update (http://localhost:5199/src/weapon.js:1427:11)
    at Game.animate (http://localhost:5199/src/game.js:2177:19)
    at http://localhost:5199/src/game.js:2149:38
[   27653ms] TypeError: Cannot read properties of undefined (reading 'type')
    at Weapon.update (http://localhost:5199/src/weapon.js:1427:11)
    at Game.animate (http://localhost:5199/src/game.js:2177:19)
    at http://localhost:5199/src/game.js:2149:38
[   27670ms] TypeError: Cannot read properties of undefined (reading 'type')
    at Weapon.update (http://localhost:5199/src/weapon.js:1427:11)
    at Game.animate (http://localhost:5199/src/game.js:2177:19)
    at http://localhost:5199/src/game.js:2149:38
[   27687ms] TypeError: Cannot read properties of undefined (reading 'type')
    at Weapon.update (http://localhost:5199/src/weapon.js:1427:11)
    at Game.animate (http://localhost:5199/src/game.js:2177:19)
    at http://localhost:5199/src/game.js:2149:38
[   27703ms] TypeError: Cannot read properties of undefined (reading 'type')
    at Weapon.update (http://localhost:5199/src/weapon.js:1427:11)
    at Game.animate (http://localhost:5199/src/game.js:2177:19)
    at http://localhost:5199/src/game.js:2149:38
[   27720ms] TypeError: Cannot read properties of undefined (reading 'type')
    at Weapon.update (http://localhost:5199/src/weapon.js:1427:11)
    at Game.animate (http://localhost:5199/src/game.js:2177:19)
    at http://localhost:5199/src/game.js:2149:38
[   27737ms] TypeError: Cannot read properties of undefined (reading 'type')
    at Weapon.update (http://localhost:5199/src/weapon.js:1427:11)
    at Game.animate (http://localhost:5199/src/game.js:2177:19)
    at http://localhost:5199/src/game.js:2149:38
[   27753ms] TypeError: Cannot read properties of undefined (reading 'type')
    at Weapon.update (http://localhost:5199/src/weapon.js:1427:11)
    at Game.animate (http://localhost:5199/src/game.js:2177:19)
    at http://localhost:5199/src/game.js:2149:38
[   27770ms] TypeError: Cannot read properties of undefined (reading 'type')
    at Weapon.update (http://localhost:5199/src/weapon.js:1427:11)
    at Game.animate (http://localhost:5199/src/game.js:2177:19)
    at http://localhost:5199/src/game.js:2149:38
[   27780ms] [ERROR] WebSocket connection to 'ws://localhost:5199/ws' failed: Connection closed before receiving a handshake response @ http://localhost:5199/src/network.js:28
[   27780ms] [WARNING] [Network] Conexão perdida, tentando reconectar em 3s... @ http://localhost:5199/src/network.js:68
[   27788ms] TypeError: Cannot read properties of undefined (reading 'type')
    at Weapon.update (http://localhost:5199/src/weapon.js:1427:11)
    at Game.animate (http://localhost:5199/src/game.js:2177:19)
    at http://localhost:5199/src/game.js:2149:38
[   27804ms] TypeError: Cannot read properties of undefined (reading 'type')
    at Weapon.update (http://localhost:5199/src/weapon.js:1427:11)
    at Game.animate (http://localhost:5199/src/game.js:2177:19)
    at http://localhost:5199/src/game.js:2149:38
[   27821ms] TypeError: Cannot read properties of undefined (reading 'type')
    at Weapon.update (http://localhost:5199/src/weapon.js:1427:11)
    at Game.animate (http://localhost:5199/src/game.js:2177:19)
    at http://localhost:5199/src/game.js:2149:38
[   27837ms] TypeError: Cannot read properties of undefined (reading 'type')
    at Weapon.update (http://localhost:5199/src/weapon.js:1427:11)
    at Game.animate (http://localhost:5199/src/game.js:2177:19)
    at http://localhost:5199/src/game.js:2149:38
[   27855ms] TypeError: Cannot read properties of undefined (reading 'type')
    at Weapon.update (http://localhost:5199/src/weapon.js:1427:11)
    at Game.animate (http://localhost:5199/src/game.js:2177:19)
    at http://localhost:5199/src/game.js:2149:38
[   27869ms] TypeError: Cannot read properties of undefined (reading 'type')
    at Weapon.update (http://localhost:5199/src/weapon.js:1427:11)
    at Game.animate (http://localhost:5199/src/game.js:2177:19)
    at http://localhost:5199/src/game.js:2149:38
[   27888ms] TypeError: Cannot read properties of undefined (reading 'type')
    at Weapon.update (http://localhost:5199/src/weapon.js:1427:11)
    at Game.animate (http://localhost:5199/src/game.js:2177:19)
    at http://localhost:5199/src/game.js:2149:38
[   27903ms] TypeError: Cannot read properties of undefined (reading 'type')
    at Weapon.update (http://localhost:5199/src/weapon.js:1427:11)
    at Game.animate (http://localhost:5199/src/game.js:2177:19)
    at http://localhost:5199/src/game.js:2149:38
[   27919ms] TypeError: Cannot read properties of undefined (reading 'type')
    at Weapon.update (http://localhost:5199/src/weapon.js:1427:11)
    at Game.animate (http://localhost:5199/src/game.js:2177:19)
    at http://localhost:5199/src/game.js:2149:38
[   27936ms] TypeError: Cannot read properties of undefined (reading 'type')
    at Weapon.update (http://localhost:5199/src/weapon.js:1427:11)
    at Game.animate (http://localhost:5199/src/game.js:2177:19)
    at http://localhost:5199/src/game.js:2149:38
[   27953ms] TypeError: Cannot read properties of undefined (reading 'type')
    at Weapon.update (http://localhost:5199/src/weapon.js:1427:11)
    at Game.animate (http://localhost:5199/src/game.js:2177:19)
    at http://localhost:5199/src/game.js:2149:38
[   27970ms] TypeError: Cannot read properties of undefined (reading 'type')
    at Weapon.update (http://localhost:5199/src/weapon.js:1427:11)
    at Game.animate (http://localhost:5199/src/game.js:2177:19)
    at http://localhost:5199/src/game.js:2149:38
[   27988ms] TypeError: Cannot read properties of undefined (reading 'type')
    at Weapon.update (http://localhost:5199/src/weapon.js:1427:11)
    at Game.animate (http://localhost:5199/src/game.js:2177:19)
    at http://localhost:5199/src/game.js:2149:38
[   28003ms] TypeError: Cannot read properties of undefined (reading 'type')
    at Weapon.update (http://localhost:5199/src/weapon.js:1427:11)
    at Game.animate (http://localhost:5199/src/game.js:2177:19)
    at http://localhost:5199/src/game.js:2149:38
[   28020ms] TypeError: Cannot read properties of undefined (reading 'type')
    at Weapon.update (http://localhost:5199/src/weapon.js:1427:11)
    at Game.animate (http://localhost:5199/src/game.js:2177:19)
    at http://localhost:5199/src/game.js:2149:38
[   28036ms] TypeError: Cannot read properties of undefined (reading 'type')
    at Weapon.update (http://localhost:5199/src/weapon.js:1427:11)
    at Game.animate (http://localhost:5199/src/game.js:2177:19)
    at http://localhost:5199/src/game.js:2149:38
[   28053ms] TypeError: Cannot read properties of undefined (reading 'type')
    at Weapon.update (http://localhost:5199/src/weapon.js:1427:11)
    at Game.animate (http://localhost:5199/src/game.js:2177:19)
    at http://localhost:5199/src/game.js:2149:38
[   28070ms] TypeError: Cannot read properties of undefined (reading 'type')
    at Weapon.update (http://localhost:5199/src/weapon.js:1427:11)
    at Game.animate (http://localhost:5199/src/game.js:2177:19)
    at http://localhost:5199/src/game.js:2149:38
[   28086ms] TypeError: Cannot read properties of undefined (reading 'type')
    at Weapon.update (http://localhost:5199/src/weapon.js:1427:11)
    at Game.animate (http://localhost:5199/src/game.js:2177:19)
    at http://localhost:5199/src/game.js:2149:38
[   28102ms] TypeError: Cannot read properties of undefined (reading 'type')
    at Weapon.update (http://localhost:5199/src/weapon.js:1427:11)
    at Game.animate (http://localhost:5199/src/game.js:2177:19)
    at http://localhost:5199/src/game.js:2149:38
[   28119ms] TypeError: Cannot read properties of undefined (reading 'type')
    at Weapon.update (http://localhost:5199/src/weapon.js:1427:11)
    at Game.animate (http://localhost:5199/src/game.js:2177:19)
    at http://localhost:5199/src/game.js:2149:38
[   28136ms] TypeError: Cannot read properties of undefined (reading 'type')
    at Weapon.update (http://localhost:5199/src/weapon.js:1427:11)
    at Game.animate (http://localhost:5199/src/game.js:2177:19)
    at http://localhost:5199/src/game.js:2149:38
[   28153ms] TypeError: Cannot read properties of undefined (reading 'type')
    at Weapon.update (http://localhost:5199/src/weapon.js:1427:11)
    at Game.animate (http://localhost:5199/src/game.js:2177:19)
    at http://localhost:5199/src/game.js:2149:38
[   28169ms] TypeError: Cannot read properties of undefined (reading 'type')
    at Weapon.update (http://localhost:5199/src/weapon.js:1427:11)
    at Game.animate (http://localhost:5199/src/game.js:2177:19)
    at http://localhost:5199/src/game.js:2149:38
[   28186ms] TypeError: Cannot read properties of undefined (reading 'type')
    at Weapon.update (http://localhost:5199/src/weapon.js:1427:11)
    at Game.animate (http://localhost:5199/src/game.js:2177:19)
    at http://localhost:5199/src/game.js:2149:38
[   28203ms] TypeError: Cannot read properties of undefined (reading 'type')
    at Weapon.update (http://localhost:5199/src/weapon.js:1427:11)
    at Game.animate (http://localhost:5199/src/game.js:2177:19)
    at http://localhost:5199/src/game.js:2149:38
[   28220ms] TypeError: Cannot read properties of undefined (reading 'type')
    at Weapon.update (http://localhost:5199/src/weapon.js:1427:11)
    at Game.animate (http://localhost:5199/src/game.js:2177:19)
    at http://localhost:5199/src/game.js:2149:38
[   28236ms] TypeError: Cannot read properties of undefined (reading 'type')
    at Weapon.update (http://localhost:5199/src/weapon.js:1427:11)
    at Game.animate (http://localhost:5199/src/game.js:2177:19)
    at http://localhost:5199/src/game.js:2149:38
[   28252ms] TypeError: Cannot read properties of undefined (reading 'type')
    at Weapon.update (http://localhost:5199/src/weapon.js:1427:11)
    at Game.animate (http://localhost:5199/src/game.js:2177:19)
    at http://localhost:5199/src/game.js:2149:38
[   28270ms] TypeError: Cannot read properties of undefined (reading 'type')
    at Weapon.update (http://localhost:5199/src/weapon.js:1427:11)
    at Game.animate (http://localhost:5199/src/game.js:2177:19)
    at http://localhost:5199/src/game.js:2149:38
[   28286ms] TypeError: Cannot read properties of undefined (reading 'type')
    at Weapon.update (http://localhost:5199/src/weapon.js:1427:11)
    at Game.animate (http://localhost:5199/src/game.js:2177:19)
    at http://localhost:5199/src/game.js:2149:38
[   28302ms] TypeError: Cannot read properties of undefined (reading 'type')
    at Weapon.update (http://localhost:5199/src/weapon.js:1427:11)
    at Game.animate (http://localhost:5199/src/game.js:2177:19)
    at http://localhost:5199/src/game.js:2149:38
[   28320ms] TypeError: Cannot read properties of undefined (reading 'type')
    at Weapon.update (http://localhost:5199/src/weapon.js:1427:11)
    at Game.animate (http://localhost:5199/src/game.js:2177:19)
    at http://localhost:5199/src/game.js:2149:38
[   28337ms] TypeError: Cannot read properties of undefined (reading 'type')
    at Weapon.update (http://localhost:5199/src/weapon.js:1427:11)
    at Game.animate (http://localhost:5199/src/game.js:2177:19)
    at http://localhost:5199/src/game.js:2149:38
[   28353ms] TypeError: Cannot read properties of undefined (reading 'type')
    at Weapon.update (http://localhost:5199/src/weapon.js:1427:11)
    at Game.animate (http://localhost:5199/src/game.js:2177:19)
    at http://localhost:5199/src/game.js:2149:38
[   28370ms] TypeError: Cannot read properties of undefined (reading 'type')
    at Weapon.update (http://localhost:5199/src/weapon.js:1427:11)
    at Game.animate (http://localhost:5199/src/game.js:2177:19)
    at http://localhost:5199/src/game.js:2149:38
[   28386ms] TypeError: Cannot read properties of undefined (reading 'type')
    at Weapon.update (http://localhost:5199/src/weapon.js:1427:11)
    at Game.animate (http://localhost:5199/src/game.js:2177:19)
    at http://localhost:5199/src/game.js:2149:38
[   28403ms] TypeError: Cannot read properties of undefined (reading 'type')
    at Weapon.update (http://localhost:5199/src/weapon.js:1427:11)
    at Game.animate (http://localhost:5199/src/game.js:2177:19)
    at http://localhost:5199/src/game.js:2149:38
[   28420ms] TypeError: Cannot read properties of undefined (reading 'type')
    at Weapon.update (http://localhost:5199/src/weapon.js:1427:11)
    at Game.animate (http://localhost:5199/src/game.js:2177:19)
    at http://localhost:5199/src/game.js:2149:38
[   28436ms] TypeError: Cannot read properties of undefined (reading 'type')
    at Weapon.update (http://localhost:5199/src/weapon.js:1427:11)
    at Game.animate (http://localhost:5199/src/game.js:2177:19)
    at http://localhost:5199/src/game.js:2149:38
[   28452ms] TypeError: Cannot read properties of undefined (reading 'type')
    at Weapon.update (http://localhost:5199/src/weapon.js:1427:11)
    at Game.animate (http://localhost:5199/src/game.js:2177:19)
    at http://localhost:5199/src/game.js:2149:38
[   28469ms] TypeError: Cannot read properties of undefined (reading 'type')
    at Weapon.update (http://localhost:5199/src/weapon.js:1427:11)
    at Game.animate (http://localhost:5199/src/game.js:2177:19)
    at http://localhost:5199/src/game.js:2149:38
[   28486ms] TypeError: Cannot read properties of undefined (reading 'type')
    at Weapon.update (http://localhost:5199/src/weapon.js:1427:11)
    at Game.animate (http://localhost:5199/src/game.js:2177:19)
    at http://localhost:5199/src/game.js:2149:38
[   28503ms] TypeError: Cannot read properties of undefined (reading 'type')
    at Weapon.update (http://localhost:5199/src/weapon.js:1427:11)
    at Game.animate (http://localhost:5199/src/game.js:2177:19)
    at http://localhost:5199/src/game.js:2149:38
[   28519ms] TypeError: Cannot read properties of undefined (reading 'type')
    at Weapon.update (http://localhost:5199/src/weapon.js:1427:11)
    at Game.animate (http://localhost:5199/src/game.js:2177:19)
    at http://localhost:5199/src/game.js:2149:38
[   28537ms] TypeError: Cannot read properties of undefined (reading 'type')
    at Weapon.update (http://localhost:5199/src/weapon.js:1427:11)
    at Game.animate (http://localhost:5199/src/game.js:2177:19)
    at http://localhost:5199/src/game.js:2149:38
[   28553ms] TypeError: Cannot read properties of undefined (reading 'type')
    at Weapon.update (http://localhost:5199/src/weapon.js:1427:11)
    at Game.animate (http://localhost:5199/src/game.js:2177:19)
    at http://localhost:5199/src/game.js:2149:38
[   28570ms] TypeError: Cannot read properties of undefined (reading 'type')
    at Weapon.update (http://localhost:5199/src/weapon.js:1427:11)
    at Game.animate (http://localhost:5199/src/game.js:2177:19)
    at http://localhost:5199/src/game.js:2149:38
[   28586ms] TypeError: Cannot read properties of undefined (reading 'type')
    at Weapon.update (http://localhost:5199/src/weapon.js:1427:11)
    at Game.animate (http://localhost:5199/src/game.js:2177:19)
    at http://localhost:5199/src/game.js:2149:38
[   28603ms] TypeError: Cannot read properties of undefined (reading 'type')
    at Weapon.update (http://localhost:5199/src/weapon.js:1427:11)
    at Game.animate (http://localhost:5199/src/game.js:2177:19)
    at http://localhost:5199/src/game.js:2149:38
[   28620ms] TypeError: Cannot read properties of undefined (reading 'type')
    at Weapon.update (http://localhost:5199/src/weapon.js:1427:11)
    at Game.animate (http://localhost:5199/src/game.js:2177:19)
    at http://localhost:5199/src/game.js:2149:38
[   28636ms] TypeError: Cannot read properties of undefined (reading 'type')
    at Weapon.update (http://localhost:5199/src/weapon.js:1427:11)
    at Game.animate (http://localhost:5199/src/game.js:2177:19)
    at http://localhost:5199/src/game.js:2149:38
[   28652ms] TypeError: Cannot read properties of undefined (reading 'type')
    at Weapon.update (http://localhost:5199/src/weapon.js:1427:11)
    at Game.animate (http://localhost:5199/src/game.js:2177:19)
    at http://localhost:5199/src/game.js:2149:38
[   28669ms] TypeError: Cannot read properties of undefined (reading 'type')
    at Weapon.update (http://localhost:5199/src/weapon.js:1427:11)
    at Game.animate (http://localhost:5199/src/game.js:2177:19)
    at http://localhost:5199/src/game.js:2149:38
[   28686ms] TypeError: Cannot read properties of undefined (reading 'type')
    at Weapon.update (http://localhost:5199/src/weapon.js:1427:11)
    at Game.animate (http://localhost:5199/src/game.js:2177:19)
    at http://localhost:5199/src/game.js:2149:38
[   28702ms] TypeError: Cannot read properties of undefined (reading 'type')
    at Weapon.update (http://localhost:5199/src/weapon.js:1427:11)
    at Game.animate (http://localhost:5199/src/game.js:2177:19)
    at http://localhost:5199/src/game.js:2149:38
[   28719ms] TypeError: Cannot read properties of undefined (reading 'type')
    at Weapon.update (http://localhost:5199/src/weapon.js:1427:11)
    at Game.animate (http://localhost:5199/src/game.js:2177:19)
    at http://localhost:5199/src/game.js:2149:38
[   28736ms] TypeError: Cannot read properties of undefined (reading 'type')
    at Weapon.update (http://localhost:5199/src/weapon.js:1427:11)
    at Game.animate (http://localhost:5199/src/game.js:2177:19)
    at http://localhost:5199/src/game.js:2149:38
[   28753ms] TypeError: Cannot read properties of undefined (reading 'type')
    at Weapon.update (http://localhost:5199/src/weapon.js:1427:11)
    at Game.animate (http://localhost:5199/src/game.js:2177:19)
    at http://localhost:5199/src/game.js:2149:38
[   28769ms] TypeError: Cannot read properties of undefined (reading 'type')
    at Weapon.update (http://localhost:5199/src/weapon.js:1427:11)
    at Game.animate (http://localhost:5199/src/game.js:2177:19)
    at http://localhost:5199/src/game.js:2149:38
[   28786ms] TypeError: Cannot read properties of undefined (reading 'type')
    at Weapon.update (http://localhost:5199/src/weapon.js:1427:11)
    at Game.animate (http://localhost:5199/src/game.js:2177:19)
    at http://localhost:5199/src/game.js:2149:38
[   28802ms] TypeError: Cannot read properties of undefined (reading 'type')
    at Weapon.update (http://localhost:5199/src/weapon.js:1427:11)
    at Game.animate (http://localhost:5199/src/game.js:2177:19)
    at http://localhost:5199/src/game.js:2149:38
[   28819ms] TypeError: Cannot read properties of undefined (reading 'type')
    at Weapon.update (http://localhost:5199/src/weapon.js:1427:11)
    at Game.animate (http://localhost:5199/src/game.js:2177:19)
    at http://localhost:5199/src/game.js:2149:38
[   28836ms] TypeError: Cannot read properties of undefined (reading 'type')
    at Weapon.update (http://localhost:5199/src/weapon.js:1427:11)
    at Game.animate (http://localhost:5199/src/game.js:2177:19)
    at http://localhost:5199/src/game.js:2149:38
[   28854ms] TypeError: Cannot read properties of undefined (reading 'type')
    at Weapon.update (http://localhost:5199/src/weapon.js:1427:11)
    at Game.animate (http://localhost:5199/src/game.js:2177:19)
    at http://localhost:5199/src/game.js:2149:38
[   28870ms] TypeError: Cannot read properties of undefined (reading 'type')
    at Weapon.update (http://localhost:5199/src/weapon.js:1427:11)
    at Game.animate (http://localhost:5199/src/game.js:2177:19)
    at http://localhost:5199/src/game.js:2149:38
[   28886ms] TypeError: Cannot read properties of undefined (reading 'type')
    at Weapon.update (http://localhost:5199/src/weapon.js:1427:11)
    at Game.animate (http://localhost:5199/src/game.js:2177:19)
    at http://localhost:5199/src/game.js:2149:38
[   28904ms] TypeError: Cannot read properties of undefined (reading 'type')
    at Weapon.update (http://localhost:5199/src/weapon.js:1427:11)
    at Game.animate (http://localhost:5199/src/game.js:2177:19)
    at http://localhost:5199/src/game.js:2149:38
[   28920ms] TypeError: Cannot read properties of undefined (reading 'type')
    at Weapon.update (http://localhost:5199/src/weapon.js:1427:11)
    at Game.animate (http://localhost:5199/src/game.js:2177:19)
    at http://localhost:5199/src/game.js:2149:38
[   28937ms] TypeError: Cannot read properties of undefined (reading 'type')
    at Weapon.update (http://localhost:5199/src/weapon.js:1427:11)
    at Game.animate (http://localhost:5199/src/game.js:2177:19)
    at http://localhost:5199/src/game.js:2149:38
[   28953ms] TypeError: Cannot read properties of undefined (reading 'type')
    at Weapon.update (http://localhost:5199/src/weapon.js:1427:11)
    at Game.animate (http://localhost:5199/src/game.js:2177:19)
    at http://localhost:5199/src/game.js:2149:38
[   28972ms] TypeError: Cannot read properties of undefined (reading 'type')
    at Weapon.update (http://localhost:5199/src/weapon.js:1427:11)
    at Game.animate (http://localhost:5199/src/game.js:2177:19)
    at http://localhost:5199/src/game.js:2149:38
[   28986ms] TypeError: Cannot read properties of undefined (reading 'type')
    at Weapon.update (http://localhost:5199/src/weapon.js:1427:11)
    at Game.animate (http://localhost:5199/src/game.js:2177:19)
    at http://localhost:5199/src/game.js:2149:38
[   29004ms] TypeError: Cannot read properties of undefined (reading 'type')
    at Weapon.update (http://localhost:5199/src/weapon.js:1427:11)
    at Game.animate (http://localhost:5199/src/game.js:2177:19)
    at http://localhost:5199/src/game.js:2149:38
[   29020ms] TypeError: Cannot read properties of undefined (reading 'type')
    at Weapon.update (http://localhost:5199/src/weapon.js:1427:11)
    at Game.animate (http://localhost:5199/src/game.js:2177:19)
    at http://localhost:5199/src/game.js:2149:38
[   29038ms] TypeError: Cannot read properties of undefined (reading 'type')
    at Weapon.update (http://localhost:5199/src/weapon.js:1427:11)
    at Game.animate (http://localhost:5199/src/game.js:2177:19)
    at http://localhost:5199/src/game.js:2149:38
[   29053ms] TypeError: Cannot read properties of undefined (reading 'type')
    at Weapon.update (http://localhost:5199/src/weapon.js:1427:11)
    at Game.animate (http://localhost:5199/src/game.js:2177:19)
    at http://localhost:5199/src/game.js:2149:38
[   29070ms] TypeError: Cannot read properties of undefined (reading 'type')
    at Weapon.update (http://localhost:5199/src/weapon.js:1427:11)
    at Game.animate (http://localhost:5199/src/game.js:2177:19)
    at http://localhost:5199/src/game.js:2149:38
[   29086ms] TypeError: Cannot read properties of undefined (reading 'type')
    at Weapon.update (http://localhost:5199/src/weapon.js:1427:11)
    at Game.animate (http://localhost:5199/src/game.js:2177:19)
    at http://localhost:5199/src/game.js:2149:38
[   29103ms] TypeError: Cannot read properties of undefined (reading 'type')
    at Weapon.update (http://localhost:5199/src/weapon.js:1427:11)
    at Game.animate (http://localhost:5199/src/game.js:2177:19)
    at http://localhost:5199/src/game.js:2149:38
[   29119ms] TypeError: Cannot read properties of undefined (reading 'type')
    at Weapon.update (http://localhost:5199/src/weapon.js:1427:11)
    at Game.animate (http://localhost:5199/src/game.js:2177:19)
    at http://localhost:5199/src/game.js:2149:38
[   29137ms] TypeError: Cannot read properties of undefined (reading 'type')
    at Weapon.update (http://localhost:5199/src/weapon.js:1427:11)
    at Game.animate (http://localhost:5199/src/game.js:2177:19)
    at http://localhost:5199/src/game.js:2149:38
[   29153ms] TypeError: Cannot read properties of undefined (reading 'type')
    at Weapon.update (http://localhost:5199/src/weapon.js:1427:11)
    at Game.animate (http://localhost:5199/src/game.js:2177:19)
    at http://localhost:5199/src/game.js:2149:38
[   29170ms] TypeError: Cannot read properties of undefined (reading 'type')
    at Weapon.update (http://localhost:5199/src/weapon.js:1427:11)
    at Game.animate (http://localhost:5199/src/game.js:2177:19)
    at http://localhost:5199/src/game.js:2149:38
[   29186ms] TypeError: Cannot read properties of undefined (reading 'type')
    at Weapon.update (http://localhost:5199/src/weapon.js:1427:11)
    at Game.animate (http://localhost:5199/src/game.js:2177:19)
    at http://localhost:5199/src/game.js:2149:38
[   29202ms] TypeError: Cannot read properties of undefined (reading 'type')
    at Weapon.update (http://localhost:5199/src/weapon.js:1427:11)
    at Game.animate (http://localhost:5199/src/game.js:2177:19)
    at http://localhost:5199/src/game.js:2149:38
[   29221ms] TypeError: Cannot read properties of undefined (reading 'type')
    at Weapon.update (http://localhost:5199/src/weapon.js:1427:11)
    at Game.animate (http://localhost:5199/src/game.js:2177:19)
    at http://localhost:5199/src/game.js:2149:38
[   29237ms] TypeError: Cannot read properties of undefined (reading 'type')
    at Weapon.update (http://localhost:5199/src/weapon.js:1427:11)
    at Game.animate (http://localhost:5199/src/game.js:2177:19)
    at http://localhost:5199/src/game.js:2149:38
[   29265ms] TypeError: Cannot read properties of undefined (reading 'type')
    at Weapon.update (http://localhost:5199/src/weapon.js:1427:11)
    at Game.animate (http://localhost:5199/src/game.js:2177:19)
    at http://localhost:5199/src/game.js:2149:38
[   29273ms] TypeError: Cannot read properties of undefined (reading 'type')
    at Weapon.update (http://localhost:5199/src/weapon.js:1427:11)
    at Game.animate (http://localhost:5199/src/game.js:2177:19)
    at http://localhost:5199/src/game.js:2149:38
[   29287ms] TypeError: Cannot read properties of undefined (reading 'type')
    at Weapon.update (http://localhost:5199/src/weapon.js:1427:11)
    at Game.animate (http://localhost:5199/src/game.js:2177:19)
    at http://localhost:5199/src/game.js:2149:38
[   29304ms] TypeError: Cannot read properties of undefined (reading 'type')
    at Weapon.update (http://localhost:5199/src/weapon.js:1427:11)
    at Game.animate (http://localhost:5199/src/game.js:2177:19)
    at http://localhost:5199/src/game.js:2149:38
[   29320ms] TypeError: Cannot read properties of undefined (reading 'type')
    at Weapon.update (http://localhost:5199/src/weapon.js:1427:11)
    at Game.animate (http://localhost:5199/src/game.js:2177:19)
    at http://localhost:5199/src/game.js:2149:38
[   29336ms] TypeError: Cannot read properties of undefined (reading 'type')
    at Weapon.update (http://localhost:5199/src/weapon.js:1427:11)
    at Game.animate (http://localhost:5199/src/game.js:2177:19)
    at http://localhost:5199/src/game.js:2149:38
[   29352ms] TypeError: Cannot read properties of undefined (reading 'type')
    at Weapon.update (http://localhost:5199/src/weapon.js:1427:11)
    at Game.animate (http://localhost:5199/src/game.js:2177:19)
    at http://localhost:5199/src/game.js:2149:38
[   29369ms] TypeError: Cannot read properties of undefined (reading 'type')
    at Weapon.update (http://localhost:5199/src/weapon.js:1427:11)
    at Game.animate (http://localhost:5199/src/game.js:2177:19)
    at http://localhost:5199/src/game.js:2149:38
[   29386ms] TypeError: Cannot read properties of undefined (reading 'type')
    at Weapon.update (http://localhost:5199/src/weapon.js:1427:11)
    at Game.animate (http://localhost:5199/src/game.js:2177:19)
    at http://localhost:5199/src/game.js:2149:38
[   29402ms] TypeError: Cannot read properties of undefined (reading 'type')
    at Weapon.update (http://localhost:5199/src/weapon.js:1427:11)
    at Game.animate (http://localhost:5199/src/game.js:2177:19)
    at http://localhost:5199/src/game.js:2149:38
[   29419ms] TypeError: Cannot read properties of undefined (reading 'type')
    at Weapon.update (http://localhost:5199/src/weapon.js:1427:11)
    at Game.animate (http://localhost:5199/src/game.js:2177:19)
    at http://localhost:5199/src/game.js:2149:38
[   29437ms] TypeError: Cannot read properties of undefined (reading 'type')
    at Weapon.update (http://localhost:5199/src/weapon.js:1427:11)
    at Game.animate (http://localhost:5199/src/game.js:2177:19)
    at http://localhost:5199/src/game.js:2149:38
[   29452ms] TypeError: Cannot read properties of undefined (reading 'type')
    at Weapon.update (http://localhost:5199/src/weapon.js:1427:11)
    at Game.animate (http://localhost:5199/src/game.js:2177:19)
    at http://localhost:5199/src/game.js:2149:38
[   29469ms] TypeError: Cannot read properties of undefined (reading 'type')
    at Weapon.update (http://localhost:5199/src/weapon.js:1427:11)
    at Game.animate (http://localhost:5199/src/game.js:2177:19)
    at http://localhost:5199/src/game.js:2149:38
[   29486ms] TypeError: Cannot read properties of undefined (reading 'type')
    at Weapon.update (http://localhost:5199/src/weapon.js:1427:11)
    at Game.animate (http://localhost:5199/src/game.js:2177:19)
    at http://localhost:5199/src/game.js:2149:38
[   29502ms] TypeError: Cannot read properties of undefined (reading 'type')
    at Weapon.update (http://localhost:5199/src/weapon.js:1427:11)
    at Game.animate (http://localhost:5199/src/game.js:2177:19)
    at http://localhost:5199/src/game.js:2149:38
[   29520ms] TypeError: Cannot read properties of undefined (reading 'type')
    at Weapon.update (http://localhost:5199/src/weapon.js:1427:11)
    at Game.animate (http://localhost:5199/src/game.js:2177:19)
    at http://localhost:5199/src/game.js:2149:38
[   29537ms] TypeError: Cannot read properties of undefined (reading 'type')
    at Weapon.update (http://localhost:5199/src/weapon.js:1427:11)
    at Game.animate (http://localhost:5199/src/game.js:2177:19)
    at http://localhost:5199/src/game.js:2149:38
[   29553ms] TypeError: Cannot read properties of undefined (reading 'type')
    at Weapon.update (http://localhost:5199/src/weapon.js:1427:11)
    at Game.animate (http://localhost:5199/src/game.js:2177:19)
    at http://localhost:5199/src/game.js:2149:38
[   29570ms] TypeError: Cannot read properties of undefined (reading 'type')
    at Weapon.update (http://localhost:5199/src/weapon.js:1427:11)
    at Game.animate (http://localhost:5199/src/game.js:2177:19)
    at http://localhost:5199/src/game.js:2149:38
[   29586ms] TypeError: Cannot read properties of undefined (reading 'type')
    at Weapon.update (http://localhost:5199/src/weapon.js:1427:11)
    at Game.animate (http://localhost:5199/src/game.js:2177:19)
    at http://localhost:5199/src/game.js:2149:38
[   29603ms] TypeError: Cannot read properties of undefined (reading 'type')
    at Weapon.update (http://localhost:5199/src/weapon.js:1427:11)
    at Game.animate (http://localhost:5199/src/game.js:2177:19)
    at http://localhost:5199/src/game.js:2149:38
[   29620ms] TypeError: Cannot read properties of undefined (reading 'type')
    at Weapon.update (http://localhost:5199/src/weapon.js:1427:11)
    at Game.animate (http://localhost:5199/src/game.js:2177:19)
    at http://localhost:5199/src/game.js:2149:38
[   29636ms] TypeError: Cannot read properties of undefined (reading 'type')
    at Weapon.update (http://localhost:5199/src/weapon.js:1427:11)
    at Game.animate (http://localhost:5199/src/game.js:2177:19)
    at http://localhost:5199/src/game.js:2149:38
[   29653ms] TypeError: Cannot read properties of undefined (reading 'type')
    at Weapon.update (http://localhost:5199/src/weapon.js:1427:11)
    at Game.animate (http://localhost:5199/src/game.js:2177:19)
    at http://localhost:5199/src/game.js:2149:38
[   29670ms] TypeError: Cannot read properties of undefined (reading 'type')
    at Weapon.update (http://localhost:5199/src/weapon.js:1427:11)
    at Game.animate (http://localhost:5199/src/game.js:2177:19)
    at http://localhost:5199/src/game.js:2149:38
[   29686ms] TypeError: Cannot read properties of undefined (reading 'type')
    at Weapon.update (http://localhost:5199/src/weapon.js:1427:11)
    at Game.animate (http://localhost:5199/src/game.js:2177:19)
    at http://localhost:5199/src/game.js:2149:38
[   29703ms] TypeError: Cannot read properties of undefined (reading 'type')
    at Weapon.update (http://localhost:5199/src/weapon.js:1427:11)
    at Game.animate (http://localhost:5199/src/game.js:2177:19)
    at http://localhost:5199/src/game.js:2149:38
[   29719ms] TypeError: Cannot read properties of undefined (reading 'type')
    at Weapon.update (http://localhost:5199/src/weapon.js:1427:11)
    at Game.animate (http://localhost:5199/src/game.js:2177:19)
    at http://localhost:5199/src/game.js:2149:38
[   29736ms] TypeError: Cannot read properties of undefined (reading 'type')
    at Weapon.update (http://localhost:5199/src/weapon.js:1427:11)
    at Game.animate (http://localhost:5199/src/game.js:2177:19)
    at http://localhost:5199/src/game.js:2149:38
[   29757ms] TypeError: Cannot read properties of undefined (reading 'type')
    at Weapon.update (http://localhost:5199/src/weapon.js:1427:11)
    at Game.animate (http://localhost:5199/src/game.js:2177:19)
    at http://localhost:5199/src/game.js:2149:38
[   29770ms] TypeError: Cannot read properties of undefined (reading 'type')
    at Weapon.update (http://localhost:5199/src/weapon.js:1427:11)
    at Game.animate (http://localhost:5199/src/game.js:2177:19)
    at http://localhost:5199/src/game.js:2149:38
[   29786ms] TypeError: Cannot read properties of undefined (reading 'type')
    at Weapon.update (http://localhost:5199/src/weapon.js:1427:11)
    at Game.animate (http://localhost:5199/src/game.js:2177:19)
    at http://localhost:5199/src/game.js:2149:38
[   29803ms] TypeError: Cannot read properties of undefined (reading 'type')
    at Weapon.update (http://localhost:5199/src/weapon.js:1427:11)
    at Game.animate (http://localhost:5199/src/game.js:2177:19)
    at http://localhost:5199/src/game.js:2149:38
[   29820ms] TypeError: Cannot read properties of undefined (reading 'type')
    at Weapon.update (http://localhost:5199/src/weapon.js:1427:11)
    at Game.animate (http://localhost:5199/src/game.js:2177:19)
    at http://localhost:5199/src/game.js:2149:38
[   29836ms] TypeError: Cannot read properties of undefined (reading 'type')
    at Weapon.update (http://localhost:5199/src/weapon.js:1427:11)
    at Game.animate (http://localhost:5199/src/game.js:2177:19)
    at http://localhost:5199/src/game.js:2149:38
[   29853ms] TypeError: Cannot read properties of undefined (reading 'type')
    at Weapon.update (http://localhost:5199/src/weapon.js:1427:11)
    at Game.animate (http://localhost:5199/src/game.js:2177:19)
    at http://localhost:5199/src/game.js:2149:38
[   29869ms] TypeError: Cannot read properties of undefined (reading 'type')
    at Weapon.update (http://localhost:5199/src/weapon.js:1427:11)
    at Game.animate (http://localhost:5199/src/game.js:2177:19)
    at http://localhost:5199/src/game.js:2149:38
[   29886ms] TypeError: Cannot read properties of undefined (reading 'type')
    at Weapon.update (http://localhost:5199/src/weapon.js:1427:11)
    at Game.animate (http://localhost:5199/src/game.js:2177:19)
    at http://localhost:5199/src/game.js:2149:38
[   29902ms] TypeError: Cannot read properties of undefined (reading 'type')
    at Weapon.update (http://localhost:5199/src/weapon.js:1427:11)
    at Game.animate (http://localhost:5199/src/game.js:2177:19)
    at http://localhost:5199/src/game.js:2149:38
[   29919ms] TypeError: Cannot read properties of undefined (reading 'type')
    at Weapon.update (http://localhost:5199/src/weapon.js:1427:11)
    at Game.animate (http://localhost:5199/src/game.js:2177:19)
    at http://localhost:5199/src/game.js:2149:38
[   29936ms] TypeError: Cannot read properties of undefined (reading 'type')
    at Weapon.update (http://localhost:5199/src/weapon.js:1427:11)
    at Game.animate (http://localhost:5199/src/game.js:2177:19)
    at http://localhost:5199/src/game.js:2149:38
[   29952ms] TypeError: Cannot read properties of undefined (reading 'type')
    at Weapon.update (http://localhost:5199/src/weapon.js:1427:11)
    at Game.animate (http://localhost:5199/src/game.js:2177:19)
    at http://localhost:5199/src/game.js:2149:38
[   29969ms] TypeError: Cannot read properties of undefined (reading 'type')
    at Weapon.update (http://localhost:5199/src/weapon.js:1427:11)
    at Game.animate (http://localhost:5199/src/game.js:2177:19)
    at http://localhost:5199/src/game.js:2149:38
[   29986ms] TypeError: Cannot read properties of undefined (reading 'type')
    at Weapon.update (http://localhost:5199/src/weapon.js:1427:11)
    at Game.animate (http://localhost:5199/src/game.js:2177:19)
    at http://localhost:5199/src/game.js:2149:38
[   30004ms] TypeError: Cannot read properties of undefined (reading 'type')
    at Weapon.update (http://localhost:5199/src/weapon.js:1427:11)
    at Game.animate (http://localhost:5199/src/game.js:2177:19)
    at http://localhost:5199/src/game.js:2149:38
[   30020ms] TypeError: Cannot read properties of undefined (reading 'type')
    at Weapon.update (http://localhost:5199/src/weapon.js:1427:11)
    at Game.animate (http://localhost:5199/src/game.js:2177:19)
    at http://localhost:5199/src/game.js:2149:38
[   30037ms] TypeError: Cannot read properties of undefined (reading 'type')
    at Weapon.update (http://localhost:5199/src/weapon.js:1427:11)
    at Game.animate (http://localhost:5199/src/game.js:2177:19)
    at http://localhost:5199/src/game.js:2149:38
[   30056ms] TypeError: Cannot read properties of undefined (reading 'type')
    at Weapon.update (http://localhost:5199/src/weapon.js:1427:11)
    at Game.animate (http://localhost:5199/src/game.js:2177:19)
    at http://localhost:5199/src/game.js:2149:38
[   30069ms] TypeError: Cannot read properties of undefined (reading 'type')
    at Weapon.update (http://localhost:5199/src/weapon.js:1427:11)
    at Game.animate (http://localhost:5199/src/game.js:2177:19)
    at http://localhost:5199/src/game.js:2149:38
[   30086ms] TypeError: Cannot read properties of undefined (reading 'type')
    at Weapon.update (http://localhost:5199/src/weapon.js:1427:11)
    at Game.animate (http://localhost:5199/src/game.js:2177:19)
    at http://localhost:5199/src/game.js:2149:38
[   30103ms] TypeError: Cannot read properties of undefined (reading 'type')
    at Weapon.update (http://localhost:5199/src/weapon.js:1427:11)
    at Game.animate (http://localhost:5199/src/game.js:2177:19)
    at http://localhost:5199/src/game.js:2149:38
[   30122ms] TypeError: Cannot read properties of undefined (reading 'type')
    at Weapon.update (http://localhost:5199/src/weapon.js:1427:11)
    at Game.animate (http://localhost:5199/src/game.js:2177:19)
    at http://localhost:5199/src/game.js:2149:38
[   30138ms] TypeError: Cannot read properties of undefined (reading 'type')
    at Weapon.update (http://localhost:5199/src/weapon.js:1427:11)
    at Game.animate (http://localhost:5199/src/game.js:2177:19)
    at http://localhost:5199/src/game.js:2149:38
[   30155ms] TypeError: Cannot read properties of undefined (reading 'type')
    at Weapon.update (http://localhost:5199/src/weapon.js:1427:11)
    at Game.animate (http://localhost:5199/src/game.js:2177:19)
    at http://localhost:5199/src/game.js:2149:38
[   30171ms] TypeError: Cannot read properties of undefined (reading 'type')
    at Weapon.update (http://localhost:5199/src/weapon.js:1427:11)
    at Game.animate (http://localhost:5199/src/game.js:2177:19)
    at http://localhost:5199/src/game.js:2149:38
[   30189ms] TypeError: Cannot read properties of undefined (reading 'type')
    at Weapon.update (http://localhost:5199/src/weapon.js:1427:11)
    at Game.animate (http://localhost:5199/src/game.js:2177:19)
    at http://localhost:5199/src/game.js:2149:38
[   30204ms] TypeError: Cannot read properties of undefined (reading 'type')
    at Weapon.update (http://localhost:5199/src/weapon.js:1427:11)
    at Game.animate (http://localhost:5199/src/game.js:2177:19)
    at http://localhost:5199/src/game.js:2149:38
[   30222ms] TypeError: Cannot read properties of undefined (reading 'type')
    at Weapon.update (http://localhost:5199/src/weapon.js:1427:11)
    at Game.animate (http://localhost:5199/src/game.js:2177:19)
    at http://localhost:5199/src/game.js:2149:38
[   30236ms] TypeError: Cannot read properties of undefined (reading 'type')
    at Weapon.update (http://localhost:5199/src/weapon.js:1427:11)
    at Game.animate (http://localhost:5199/src/game.js:2177:19)
    at http://localhost:5199/src/game.js:2149:38
[   30256ms] TypeError: Cannot read properties of undefined (reading 'type')
    at Weapon.update (http://localhost:5199/src/weapon.js:1427:11)
    at Game.animate (http://localhost:5199/src/game.js:2177:19)
    at http://localhost:5199/src/game.js:2149:38
[   30270ms] TypeError: Cannot read properties of undefined (reading 'type')
    at Weapon.update (http://localhost:5199/src/weapon.js:1427:11)
    at Game.animate (http://localhost:5199/src/game.js:2177:19)
    at http://localhost:5199/src/game.js:2149:38
[   30288ms] TypeError: Cannot read properties of undefined (reading 'type')
    at Weapon.update (http://localhost:5199/src/weapon.js:1427:11)
    at Game.animate (http://localhost:5199/src/game.js:2177:19)
    at http://localhost:5199/src/game.js:2149:38
[   30302ms] TypeError: Cannot read properties of undefined (reading 'type')
    at Weapon.update (http://localhost:5199/src/weapon.js:1427:11)
    at Game.animate (http://localhost:5199/src/game.js:2177:19)
    at http://localhost:5199/src/game.js:2149:38
[   30320ms] TypeError: Cannot read properties of undefined (reading 'type')
    at Weapon.update (http://localhost:5199/src/weapon.js:1427:11)
    at Game.animate (http://localhost:5199/src/game.js:2177:19)
    at http://localhost:5199/src/game.js:2149:38
[   30336ms] TypeError: Cannot read properties of undefined (reading 'type')
    at Weapon.update (http://localhost:5199/src/weapon.js:1427:11)
    at Game.animate (http://localhost:5199/src/game.js:2177:19)
    at http://localhost:5199/src/game.js:2149:38
[   30353ms] TypeError: Cannot read properties of undefined (reading 'type')
    at Weapon.update (http://localhost:5199/src/weapon.js:1427:11)
    at Game.animate (http://localhost:5199/src/game.js:2177:19)
    at http://localhost:5199/src/game.js:2149:38
[   30369ms] TypeError: Cannot read properties of undefined (reading 'type')
    at Weapon.update (http://localhost:5199/src/weapon.js:1427:11)
    at Game.animate (http://localhost:5199/src/game.js:2177:19)
    at http://localhost:5199/src/game.js:2149:38
[   30388ms] TypeError: Cannot read properties of undefined (reading 'type')
    at Weapon.update (http://localhost:5199/src/weapon.js:1427:11)
    at Game.animate (http://localhost:5199/src/game.js:2177:19)
    at http://localhost:5199/src/game.js:2149:38
[   30403ms] TypeError: Cannot read properties of undefined (reading 'type')
    at Weapon.update (http://localhost:5199/src/weapon.js:1427:11)
    at Game.animate (http://localhost:5199/src/game.js:2177:19)
    at http://localhost:5199/src/game.js:2149:38
[   30420ms] TypeError: Cannot read properties of undefined (reading 'type')
    at Weapon.update (http://localhost:5199/src/weapon.js:1427:11)
    at Game.animate (http://localhost:5199/src/game.js:2177:19)
    at http://localhost:5199/src/game.js:2149:38
[   30436ms] TypeError: Cannot read properties of undefined (reading 'type')
    at Weapon.update (http://localhost:5199/src/weapon.js:1427:11)
    at Game.animate (http://localhost:5199/src/game.js:2177:19)
    at http://localhost:5199/src/game.js:2149:38
[   30454ms] TypeError: Cannot read properties of undefined (reading 'type')
    at Weapon.update (http://localhost:5199/src/weapon.js:1427:11)
    at Game.animate (http://localhost:5199/src/game.js:2177:19)
    at http://localhost:5199/src/game.js:2149:38
[   30469ms] TypeError: Cannot read properties of undefined (reading 'type')
    at Weapon.update (http://localhost:5199/src/weapon.js:1427:11)
    at Game.animate (http://localhost:5199/src/game.js:2177:19)
    at http://localhost:5199/src/game.js:2149:38
[   30486ms] TypeError: Cannot read properties of undefined (reading 'type')
    at Weapon.update (http://localhost:5199/src/weapon.js:1427:11)
    at Game.animate (http://localhost:5199/src/game.js:2177:19)
    at http://localhost:5199/src/game.js:2149:38
[   30505ms] TypeError: Cannot read properties of undefined (reading 'type')
    at Weapon.update (http://localhost:5199/src/weapon.js:1427:11)
    at Game.animate (http://localhost:5199/src/game.js:2177:19)
    at http://localhost:5199/src/game.js:2149:38
[   30520ms] TypeError: Cannot read properties of undefined (reading 'type')
    at Weapon.update (http://localhost:5199/src/weapon.js:1427:11)
    at Game.animate (http://localhost:5199/src/game.js:2177:19)
    at http://localhost:5199/src/game.js:2149:38
[   30536ms] TypeError: Cannot read properties of undefined (reading 'type')
    at Weapon.update (http://localhost:5199/src/weapon.js:1427:11)
    at Game.animate (http://localhost:5199/src/game.js:2177:19)
    at http://localhost:5199/src/game.js:2149:38
[   30554ms] TypeError: Cannot read properties of undefined (reading 'type')
    at Weapon.update (http://localhost:5199/src/weapon.js:1427:11)
    at Game.animate (http://localhost:5199/src/game.js:2177:19)
    at http://localhost:5199/src/game.js:2149:38
[   30569ms] TypeError: Cannot read properties of undefined (reading 'type')
    at Weapon.update (http://localhost:5199/src/weapon.js:1427:11)
    at Game.animate (http://localhost:5199/src/game.js:2177:19)
    at http://localhost:5199/src/game.js:2149:38
[   30586ms] TypeError: Cannot read properties of undefined (reading 'type')
    at Weapon.update (http://localhost:5199/src/weapon.js:1427:11)
    at Game.animate (http://localhost:5199/src/game.js:2177:19)
    at http://localhost:5199/src/game.js:2149:38
[   30603ms] TypeError: Cannot read properties of undefined (reading 'type')
    at Weapon.update (http://localhost:5199/src/weapon.js:1427:11)
    at Game.animate (http://localhost:5199/src/game.js:2177:19)
    at http://localhost:5199/src/game.js:2149:38
[   30620ms] TypeError: Cannot read properties of undefined (reading 'type')
    at Weapon.update (http://localhost:5199/src/weapon.js:1427:11)
    at Game.animate (http://localhost:5199/src/game.js:2177:19)
    at http://localhost:5199/src/game.js:2149:38
[   30636ms] TypeError: Cannot read properties of undefined (reading 'type')
    at Weapon.update (http://localhost:5199/src/weapon.js:1427:11)
    at Game.animate (http://localhost:5199/src/game.js:2177:19)
    at http://localhost:5199/src/game.js:2149:38
[   30653ms] TypeError: Cannot read properties of undefined (reading 'type')
    at Weapon.update (http://localhost:5199/src/weapon.js:1427:11)
    at Game.animate (http://localhost:5199/src/game.js:2177:19)
    at http://localhost:5199/src/game.js:2149:38
[   30669ms] TypeError: Cannot read properties of undefined (reading 'type')
    at Weapon.update (http://localhost:5199/src/weapon.js:1427:11)
    at Game.animate (http://localhost:5199/src/game.js:2177:19)
    at http://localhost:5199/src/game.js:2149:38
[   30686ms] TypeError: Cannot read properties of undefined (reading 'type')
    at Weapon.update (http://localhost:5199/src/weapon.js:1427:11)
    at Game.animate (http://localhost:5199/src/game.js:2177:19)
    at http://localhost:5199/src/game.js:2149:38
[   30703ms] TypeError: Cannot read properties of undefined (reading 'type')
    at Weapon.update (http://localhost:5199/src/weapon.js:1427:11)
    at Game.animate (http://localhost:5199/src/game.js:2177:19)
    at http://localhost:5199/src/game.js:2149:38
[   30720ms] TypeError: Cannot read properties of undefined (reading 'type')
    at Weapon.update (http://localhost:5199/src/weapon.js:1427:11)
    at Game.animate (http://localhost:5199/src/game.js:2177:19)
    at http://localhost:5199/src/game.js:2149:38
[   30736ms] TypeError: Cannot read properties of undefined (reading 'type')
    at Weapon.update (http://localhost:5199/src/weapon.js:1427:11)
    at Game.animate (http://localhost:5199/src/game.js:2177:19)
    at http://localhost:5199/src/game.js:2149:38
[   30753ms] TypeError: Cannot read properties of undefined (reading 'type')
    at Weapon.update (http://localhost:5199/src/weapon.js:1427:11)
    at Game.animate (http://localhost:5199/src/game.js:2177:19)
    at http://localhost:5199/src/game.js:2149:38
[   30770ms] TypeError: Cannot read properties of undefined (reading 'type')
    at Weapon.update (http://localhost:5199/src/weapon.js:1427:11)
    at Game.animate (http://localhost:5199/src/game.js:2177:19)
    at http://localhost:5199/src/game.js:2149:38
[   30786ms] TypeError: Cannot read properties of undefined (reading 'type')
    at Weapon.update (http://localhost:5199/src/weapon.js:1427:11)
    at Game.animate (http://localhost:5199/src/game.js:2177:19)
    at http://localhost:5199/src/game.js:2149:38
[   30803ms] TypeError: Cannot read properties of undefined (reading 'type')
    at Weapon.update (http://localhost:5199/src/weapon.js:1427:11)
    at Game.animate (http://localhost:5199/src/game.js:2177:19)
    at http://localhost:5199/src/game.js:2149:38
[   30821ms] TypeError: Cannot read properties of undefined (reading 'type')
    at Weapon.update (http://localhost:5199/src/weapon.js:1427:11)
    at Game.animate (http://localhost:5199/src/game.js:2177:19)
    at http://localhost:5199/src/game.js:2149:38
[   30836ms] TypeError: Cannot read properties of undefined (reading 'type')
    at Weapon.update (http://localhost:5199/src/weapon.js:1427:11)
    at Game.animate (http://localhost:5199/src/game.js:2177:19)
    at http://localhost:5199/src/game.js:2149:38
[   30853ms] TypeError: Cannot read properties of undefined (reading 'type')
    at Weapon.update (http://localhost:5199/src/weapon.js:1427:11)
    at Game.animate (http://localhost:5199/src/game.js:2177:19)
    at http://localhost:5199/src/game.js:2149:38
[   30869ms] TypeError: Cannot read properties of undefined (reading 'type')
    at Weapon.update (http://localhost:5199/src/weapon.js:1427:11)
    at Game.animate (http://localhost:5199/src/game.js:2177:19)
    at http://localhost:5199/src/game.js:2149:38
[   30887ms] TypeError: Cannot read properties of undefined (reading 'type')
    at Weapon.update (http://localhost:5199/src/weapon.js:1427:11)
    at Game.animate (http://localhost:5199/src/game.js:2177:19)
    at http://localhost:5199/src/game.js:2149:38
[   30903ms] TypeError: Cannot read properties of undefined (reading 'type')
    at Weapon.update (http://localhost:5199/src/weapon.js:1427:11)
    at Game.animate (http://localhost:5199/src/game.js:2177:19)
    at http://localhost:5199/src/game.js:2149:38
[   30919ms] TypeError: Cannot read properties of undefined (reading 'type')
    at Weapon.update (http://localhost:5199/src/weapon.js:1427:11)
    at Game.animate (http://localhost:5199/src/game.js:2177:19)
    at http://localhost:5199/src/game.js:2149:38
[   30936ms] TypeError: Cannot read properties of undefined (reading 'type')
    at Weapon.update (http://localhost:5199/src/weapon.js:1427:11)
    at Game.animate (http://localhost:5199/src/game.js:2177:19)
    at http://localhost:5199/src/game.js:2149:38
[   30953ms] TypeError: Cannot read properties of undefined (reading 'type')
    at Weapon.update (http://localhost:5199/src/weapon.js:1427:11)
    at Game.animate (http://localhost:5199/src/game.js:2177:19)
    at http://localhost:5199/src/game.js:2149:38
[   30970ms] TypeError: Cannot read properties of undefined (reading 'type')
    at Weapon.update (http://localhost:5199/src/weapon.js:1427:11)
    at Game.animate (http://localhost:5199/src/game.js:2177:19)
    at http://localhost:5199/src/game.js:2149:38
[   30986ms] TypeError: Cannot read properties of undefined (reading 'type')
    at Weapon.update (http://localhost:5199/src/weapon.js:1427:11)
    at Game.animate (http://localhost:5199/src/game.js:2177:19)
    at http://localhost:5199/src/game.js:2149:38
[   31003ms] TypeError: Cannot read properties of undefined (reading 'type')
    at Weapon.update (http://localhost:5199/src/weapon.js:1427:11)
    at Game.animate (http://localhost:5199/src/game.js:2177:19)
    at http://localhost:5199/src/game.js:2149:38
[   31019ms] TypeError: Cannot read properties of undefined (reading 'type')
    at Weapon.update (http://localhost:5199/src/weapon.js:1427:11)
    at Game.animate (http://localhost:5199/src/game.js:2177:19)
    at http://localhost:5199/src/game.js:2149:38
[   31036ms] TypeError: Cannot read properties of undefined (reading 'type')
    at Weapon.update (http://localhost:5199/src/weapon.js:1427:11)
    at Game.animate (http://localhost:5199/src/game.js:2177:19)
    at http://localhost:5199/src/game.js:2149:38
[   31053ms] TypeError: Cannot read properties of undefined (reading 'type')
    at Weapon.update (http://localhost:5199/src/weapon.js:1427:11)
    at Game.animate (http://localhost:5199/src/game.js:2177:19)
    at http://localhost:5199/src/game.js:2149:38
[   31069ms] TypeError: Cannot read properties of undefined (reading 'type')
    at Weapon.update (http://localhost:5199/src/weapon.js:1427:11)
    at Game.animate (http://localhost:5199/src/game.js:2177:19)
    at http://localhost:5199/src/game.js:2149:38
[   31086ms] TypeError: Cannot read properties of undefined (reading 'type')
    at Weapon.update (http://localhost:5199/src/weapon.js:1427:11)
    at Game.animate (http://localhost:5199/src/game.js:2177:19)
    at http://localhost:5199/src/game.js:2149:38
[   31103ms] TypeError: Cannot read properties of undefined (reading 'type')
    at Weapon.update (http://localhost:5199/src/weapon.js:1427:11)
    at Game.animate (http://localhost:5199/src/game.js:2177:19)
    at http://localhost:5199/src/game.js:2149:38
[   31119ms] TypeError: Cannot read properties of undefined (reading 'type')
    at Weapon.update (http://localhost:5199/src/weapon.js:1427:11)
    at Game.animate (http://localhost:5199/src/game.js:2177:19)
    at http://localhost:5199/src/game.js:2149:38
[   31136ms] TypeError: Cannot read properties of undefined (reading 'type')
    at Weapon.update (http://localhost:5199/src/weapon.js:1427:11)
    at Game.animate (http://localhost:5199/src/game.js:2177:19)
    at http://localhost:5199/src/game.js:2149:38
[   31154ms] TypeError: Cannot read properties of undefined (reading 'type')
    at Weapon.update (http://localhost:5199/src/weapon.js:1427:11)
    at Game.animate (http://localhost:5199/src/game.js:2177:19)
    at http://localhost:5199/src/game.js:2149:38
[   31170ms] TypeError: Cannot read properties of undefined (reading 'type')
    at Weapon.update (http://localhost:5199/src/weapon.js:1427:11)
    at Game.animate (http://localhost:5199/src/game.js:2177:19)
    at http://localhost:5199/src/game.js:2149:38
[   31186ms] TypeError: Cannot read properties of undefined (reading 'type')
    at Weapon.update (http://localhost:5199/src/weapon.js:1427:11)
    at Game.animate (http://localhost:5199/src/game.js:2177:19)
    at http://localhost:5199/src/game.js:2149:38
[   31203ms] TypeError: Cannot read properties of undefined (reading 'type')
    at Weapon.update (http://localhost:5199/src/weapon.js:1427:11)
    at Game.animate (http://localhost:5199/src/game.js:2177:19)
    at http://localhost:5199/src/game.js:2149:38
[   31222ms] TypeError: Cannot read properties of undefined (reading 'type')
    at Weapon.update (http://localhost:5199/src/weapon.js:1427:11)
    at Game.animate (http://localhost:5199/src/game.js:2177:19)
    at http://localhost:5199/src/game.js:2149:38
[   31236ms] TypeError: Cannot read properties of undefined (reading 'type')
    at Weapon.update (http://localhost:5199/src/weapon.js:1427:11)
    at Game.animate (http://localhost:5199/src/game.js:2177:19)
    at http://localhost:5199/src/game.js:2149:38
[   31254ms] TypeError: Cannot read properties of undefined (reading 'type')
    at Weapon.update (http://localhost:5199/src/weapon.js:1427:11)
    at Game.animate (http://localhost:5199/src/game.js:2177:19)
    at http://localhost:5199/src/game.js:2149:38
[   31269ms] TypeError: Cannot read properties of undefined (reading 'type')
    at Weapon.update (http://localhost:5199/src/weapon.js:1427:11)
    at Game.animate (http://localhost:5199/src/game.js:2177:19)
    at http://localhost:5199/src/game.js:2149:38
[   31286ms] TypeError: Cannot read properties of undefined (reading 'type')
    at Weapon.update (http://localhost:5199/src/weapon.js:1427:11)
    at Game.animate (http://localhost:5199/src/game.js:2177:19)
    at http://localhost:5199/src/game.js:2149:38
[   31302ms] TypeError: Cannot read properties of undefined (reading 'type')
    at Weapon.update (http://localhost:5199/src/weapon.js:1427:11)
    at Game.animate (http://localhost:5199/src/game.js:2177:19)
    at http://localhost:5199/src/game.js:2149:38
[   31319ms] TypeError: Cannot read properties of undefined (reading 'type')
    at Weapon.update (http://localhost:5199/src/weapon.js:1427:11)
    at Game.animate (http://localhost:5199/src/game.js:2177:19)
    at http://localhost:5199/src/game.js:2149:38
[   31336ms] TypeError: Cannot read properties of undefined (reading 'type')
    at Weapon.update (http://localhost:5199/src/weapon.js:1427:11)
    at Game.animate (http://localhost:5199/src/game.js:2177:19)
    at http://localhost:5199/src/game.js:2149:38
[   31352ms] TypeError: Cannot read properties of undefined (reading 'type')
    at Weapon.update (http://localhost:5199/src/weapon.js:1427:11)
    at Game.animate (http://localhost:5199/src/game.js:2177:19)
    at http://localhost:5199/src/game.js:2149:38
[   31369ms] TypeError: Cannot read properties of undefined (reading 'type')
    at Weapon.update (http://localhost:5199/src/weapon.js:1427:11)
    at Game.animate (http://localhost:5199/src/game.js:2177:19)
    at http://localhost:5199/src/game.js:2149:38
[   31387ms] TypeError: Cannot read properties of undefined (reading 'type')
    at Weapon.update (http://localhost:5199/src/weapon.js:1427:11)
    at Game.animate (http://localhost:5199/src/game.js:2177:19)
    at http://localhost:5199/src/game.js:2149:38
[   31403ms] TypeError: Cannot read properties of undefined (reading 'type')
    at Weapon.update (http://localhost:5199/src/weapon.js:1427:11)
    at Game.animate (http://localhost:5199/src/game.js:2177:19)
    at http://localhost:5199/src/game.js:2149:38
[   31419ms] TypeError: Cannot read properties of undefined (reading 'type')
    at Weapon.update (http://localhost:5199/src/weapon.js:1427:11)
    at Game.animate (http://localhost:5199/src/game.js:2177:19)
    at http://localhost:5199/src/game.js:2149:38
[   31437ms] TypeError: Cannot read properties of undefined (reading 'type')
    at Weapon.update (http://localhost:5199/src/weapon.js:1427:11)
    at Game.animate (http://localhost:5199/src/game.js:2177:19)
    at http://localhost:5199/src/game.js:2149:38
[   31453ms] TypeError: Cannot read properties of undefined (reading 'type')
    at Weapon.update (http://localhost:5199/src/weapon.js:1427:11)
    at Game.animate (http://localhost:5199/src/game.js:2177:19)
    at http://localhost:5199/src/game.js:2149:38
[   31470ms] TypeError: Cannot read properties of undefined (reading 'type')
    at Weapon.update (http://localhost:5199/src/weapon.js:1427:11)
    at Game.animate (http://localhost:5199/src/game.js:2177:19)
    at http://localhost:5199/src/game.js:2149:38
[   31486ms] TypeError: Cannot read properties of undefined (reading 'type')
    at Weapon.update (http://localhost:5199/src/weapon.js:1427:11)
    at Game.animate (http://localhost:5199/src/game.js:2177:19)
    at http://localhost:5199/src/game.js:2149:38
[   31503ms] TypeError: Cannot read properties of undefined (reading 'type')
    at Weapon.update (http://localhost:5199/src/weapon.js:1427:11)
    at Game.animate (http://localhost:5199/src/game.js:2177:19)
    at http://localhost:5199/src/game.js:2149:38
[   31519ms] TypeError: Cannot read properties of undefined (reading 'type')
    at Weapon.update (http://localhost:5199/src/weapon.js:1427:11)
    at Game.animate (http://localhost:5199/src/game.js:2177:19)
    at http://localhost:5199/src/game.js:2149:38
[   31536ms] TypeError: Cannot read properties of undefined (reading 'type')
    at Weapon.update (http://localhost:5199/src/weapon.js:1427:11)
    at Game.animate (http://localhost:5199/src/game.js:2177:19)
    at http://localhost:5199/src/game.js:2149:38
[   31552ms] TypeError: Cannot read properties of undefined (reading 'type')
    at Weapon.update (http://localhost:5199/src/weapon.js:1427:11)
    at Game.animate (http://localhost:5199/src/game.js:2177:19)
    at http://localhost:5199/src/game.js:2149:38
[   31569ms] TypeError: Cannot read properties of undefined (reading 'type')
    at Weapon.update (http://localhost:5199/src/weapon.js:1427:11)
    at Game.animate (http://localhost:5199/src/game.js:2177:19)
    at http://localhost:5199/src/game.js:2149:38
[   31586ms] TypeError: Cannot read properties of undefined (reading 'type')
    at Weapon.update (http://localhost:5199/src/weapon.js:1427:11)
    at Game.animate (http://localhost:5199/src/game.js:2177:19)
    at http://localhost:5199/src/game.js:2149:38
[   31602ms] TypeError: Cannot read properties of undefined (reading 'type')
    at Weapon.update (http://localhost:5199/src/weapon.js:1427:11)
    at Game.animate (http://localhost:5199/src/game.js:2177:19)
    at http://localhost:5199/src/game.js:2149:38
[   31619ms] TypeError: Cannot read properties of undefined (reading 'type')
    at Weapon.update (http://localhost:5199/src/weapon.js:1427:11)
    at Game.animate (http://localhost:5199/src/game.js:2177:19)
    at http://localhost:5199/src/game.js:2149:38
[   31637ms] TypeError: Cannot read properties of undefined (reading 'type')
    at Weapon.update (http://localhost:5199/src/weapon.js:1427:11)
    at Game.animate (http://localhost:5199/src/game.js:2177:19)
    at http://localhost:5199/src/game.js:2149:38
[   31652ms] TypeError: Cannot read properties of undefined (reading 'type')
    at Weapon.update (http://localhost:5199/src/weapon.js:1427:11)
    at Game.animate (http://localhost:5199/src/game.js:2177:19)
    at http://localhost:5199/src/game.js:2149:38
[   31679ms] TypeError: Cannot read properties of undefined (reading 'type')
    at Weapon.update (http://localhost:5199/src/weapon.js:1427:11)
    at Game.animate (http://localhost:5199/src/game.js:2177:19)
    at http://localhost:5199/src/game.js:2149:38
[   31688ms] TypeError: Cannot read properties of undefined (reading 'type')
    at Weapon.update (http://localhost:5199/src/weapon.js:1427:11)
    at Game.animate (http://localhost:5199/src/game.js:2177:19)
    at http://localhost:5199/src/game.js:2149:38
[   31706ms] TypeError: Cannot read properties of undefined (reading 'type')
    at Weapon.update (http://localhost:5199/src/weapon.js:1427:11)
    at Game.animate (http://localhost:5199/src/game.js:2177:19)
    at http://localhost:5199/src/game.js:2149:38
[   31720ms] TypeError: Cannot read properties of undefined (reading 'type')
    at Weapon.update (http://localhost:5199/src/weapon.js:1427:11)
    at Game.animate (http://localhost:5199/src/game.js:2177:19)
    at http://localhost:5199/src/game.js:2149:38
[   31737ms] TypeError: Cannot read properties of undefined (reading 'type')
    at Weapon.update (http://localhost:5199/src/weapon.js:1427:11)
    at Game.animate (http://localhost:5199/src/game.js:2177:19)
    at http://localhost:5199/src/game.js:2149:38
[   31753ms] TypeError: Cannot read properties of undefined (reading 'type')
    at Weapon.update (http://localhost:5199/src/weapon.js:1427:11)
    at Game.animate (http://localhost:5199/src/game.js:2177:19)
    at http://localhost:5199/src/game.js:2149:38
[   31771ms] TypeError: Cannot read properties of undefined (reading 'type')
    at Weapon.update (http://localhost:5199/src/weapon.js:1427:11)
    at Game.animate (http://localhost:5199/src/game.js:2177:19)
    at http://localhost:5199/src/game.js:2149:38
[   31787ms] TypeError: Cannot read properties of undefined (reading 'type')
    at Weapon.update (http://localhost:5199/src/weapon.js:1427:11)
    at Game.animate (http://localhost:5199/src/game.js:2177:19)
    at http://localhost:5199/src/game.js:2149:38
[   31806ms] TypeError: Cannot read properties of undefined (reading 'type')
    at Weapon.update (http://localhost:5199/src/weapon.js:1427:11)
    at Game.animate (http://localhost:5199/src/game.js:2177:19)
    at http://localhost:5199/src/game.js:2149:38
[   31820ms] TypeError: Cannot read properties of undefined (reading 'type')
    at Weapon.update (http://localhost:5199/src/weapon.js:1427:11)
    at Game.animate (http://localhost:5199/src/game.js:2177:19)
    at http://localhost:5199/src/game.js:2149:38
[   31836ms] TypeError: Cannot read properties of undefined (reading 'type')
    at Weapon.update (http://localhost:5199/src/weapon.js:1427:11)
    at Game.animate (http://localhost:5199/src/game.js:2177:19)
    at http://localhost:5199/src/game.js:2149:38
[   31855ms] TypeError: Cannot read properties of undefined (reading 'type')
    at Weapon.update (http://localhost:5199/src/weapon.js:1427:11)
    at Game.animate (http://localhost:5199/src/game.js:2177:19)
    at http://localhost:5199/src/game.js:2149:38
[   31871ms] TypeError: Cannot read properties of undefined (reading 'type')
    at Weapon.update (http://localhost:5199/src/weapon.js:1427:11)
    at Game.animate (http://localhost:5199/src/game.js:2177:19)
    at http://localhost:5199/src/game.js:2149:38
[   31886ms] TypeError: Cannot read properties of undefined (reading 'type')
    at Weapon.update (http://localhost:5199/src/weapon.js:1427:11)
    at Game.animate (http://localhost:5199/src/game.js:2177:19)
    at http://localhost:5199/src/game.js:2149:38
[   31904ms] TypeError: Cannot read properties of undefined (reading 'type')
    at Weapon.update (http://localhost:5199/src/weapon.js:1427:11)
    at Game.animate (http://localhost:5199/src/game.js:2177:19)
    at http://localhost:5199/src/game.js:2149:38
[   31919ms] TypeError: Cannot read properties of undefined (reading 'type')
    at Weapon.update (http://localhost:5199/src/weapon.js:1427:11)
    at Game.animate (http://localhost:5199/src/game.js:2177:19)
    at http://localhost:5199/src/game.js:2149:38
[   31936ms] TypeError: Cannot read properties of undefined (reading 'type')
    at Weapon.update (http://localhost:5199/src/weapon.js:1427:11)
    at Game.animate (http://localhost:5199/src/game.js:2177:19)
    at http://localhost:5199/src/game.js:2149:38
[   31960ms] TypeError: Cannot read properties of undefined (reading 'type')
    at Weapon.update (http://localhost:5199/src/weapon.js:1427:11)
    at Game.animate (http://localhost:5199/src/game.js:2177:19)
    at http://localhost:5199/src/game.js:2149:38
[   31971ms] TypeError: Cannot read properties of undefined (reading 'type')
    at Weapon.update (http://localhost:5199/src/weapon.js:1427:11)
    at Game.animate (http://localhost:5199/src/game.js:2177:19)
    at http://localhost:5199/src/game.js:2149:38
[   31986ms] TypeError: Cannot read properties of undefined (reading 'type')
    at Weapon.update (http://localhost:5199/src/weapon.js:1427:11)
    at Game.animate (http://localhost:5199/src/game.js:2177:19)
    at http://localhost:5199/src/game.js:2149:38
[   32003ms] TypeError: Cannot read properties of undefined (reading 'type')
    at Weapon.update (http://localhost:5199/src/weapon.js:1427:11)
    at Game.animate (http://localhost:5199/src/game.js:2177:19)
    at http://localhost:5199/src/game.js:2149:38
[   32030ms] TypeError: Cannot read properties of undefined (reading 'type')
    at Weapon.update (http://localhost:5199/src/weapon.js:1427:11)
    at Game.animate (http://localhost:5199/src/game.js:2177:19)
    at http://localhost:5199/src/game.js:2149:38
[   32036ms] TypeError: Cannot read properties of undefined (reading 'type')
    at Weapon.update (http://localhost:5199/src/weapon.js:1427:11)
    at Game.animate (http://localhost:5199/src/game.js:2177:19)
    at http://localhost:5199/src/game.js:2149:38
[   32053ms] TypeError: Cannot read properties of undefined (reading 'type')
    at Weapon.update (http://localhost:5199/src/weapon.js:1427:11)
    at Game.animate (http://localhost:5199/src/game.js:2177:19)
    at http://localhost:5199/src/game.js:2149:38
[   32071ms] TypeError: Cannot read properties of undefined (reading 'type')
    at Weapon.update (http://localhost:5199/src/weapon.js:1427:11)
    at Game.animate (http://localhost:5199/src/game.js:2177:19)
    at http://localhost:5199/src/game.js:2149:38
[   32086ms] TypeError: Cannot read properties of undefined (reading 'type')
    at Weapon.update (http://localhost:5199/src/weapon.js:1427:11)
    at Game.animate (http://localhost:5199/src/game.js:2177:19)
    at http://localhost:5199/src/game.js:2149:38
[   32103ms] TypeError: Cannot read properties of undefined (reading 'type')
    at Weapon.update (http://localhost:5199/src/weapon.js:1427:11)
    at Game.animate (http://localhost:5199/src/game.js:2177:19)
    at http://localhost:5199/src/game.js:2149:38
[   32119ms] TypeError: Cannot read properties of undefined (reading 'type')
    at Weapon.update (http://localhost:5199/src/weapon.js:1427:11)
    at Game.animate (http://localhost:5199/src/game.js:2177:19)
    at http://localhost:5199/src/game.js:2149:38
[   32138ms] TypeError: Cannot read properties of undefined (reading 'type')
    at Weapon.update (http://localhost:5199/src/weapon.js:1427:11)
    at Game.animate (http://localhost:5199/src/game.js:2177:19)
    at http://localhost:5199/src/game.js:2149:38
[   32153ms] TypeError: Cannot read properties of undefined (reading 'type')
    at Weapon.update (http://localhost:5199/src/weapon.js:1427:11)
    at Game.animate (http://localhost:5199/src/game.js:2177:19)
    at http://localhost:5199/src/game.js:2149:38
[   32170ms] TypeError: Cannot read properties of undefined (reading 'type')
    at Weapon.update (http://localhost:5199/src/weapon.js:1427:11)
    at Game.animate (http://localhost:5199/src/game.js:2177:19)
    at http://localhost:5199/src/game.js:2149:38
[   32186ms] TypeError: Cannot read properties of undefined (reading 'type')
    at Weapon.update (http://localhost:5199/src/weapon.js:1427:11)
    at Game.animate (http://localhost:5199/src/game.js:2177:19)
    at http://localhost:5199/src/game.js:2149:38
[   32204ms] TypeError: Cannot read properties of undefined (reading 'type')
    at Weapon.update (http://localhost:5199/src/weapon.js:1427:11)
    at Game.animate (http://localhost:5199/src/game.js:2177:19)
    at http://localhost:5199/src/game.js:2149:38
[   32220ms] TypeError: Cannot read properties of undefined (reading 'type')
    at Weapon.update (http://localhost:5199/src/weapon.js:1427:11)
    at Game.animate (http://localhost:5199/src/game.js:2177:19)
    at http://localhost:5199/src/game.js:2149:38
[   32238ms] TypeError: Cannot read properties of undefined (reading 'type')
    at Weapon.update (http://localhost:5199/src/weapon.js:1427:11)
    at Game.animate (http://localhost:5199/src/game.js:2177:19)
    at http://localhost:5199/src/game.js:2149:38
[   32254ms] TypeError: Cannot read properties of undefined (reading 'type')
    at Weapon.update (http://localhost:5199/src/weapon.js:1427:11)
    at Game.animate (http://localhost:5199/src/game.js:2177:19)
    at http://localhost:5199/src/game.js:2149:38
[   32270ms] TypeError: Cannot read properties of undefined (reading 'type')
    at Weapon.update (http://localhost:5199/src/weapon.js:1427:11)
    at Game.animate (http://localhost:5199/src/game.js:2177:19)
    at http://localhost:5199/src/game.js:2149:38
[   32286ms] TypeError: Cannot read properties of undefined (reading 'type')
    at Weapon.update (http://localhost:5199/src/weapon.js:1427:11)
    at Game.animate (http://localhost:5199/src/game.js:2177:19)
    at http://localhost:5199/src/game.js:2149:38
[   32303ms] TypeError: Cannot read properties of undefined (reading 'type')
    at Weapon.update (http://localhost:5199/src/weapon.js:1427:11)
    at Game.animate (http://localhost:5199/src/game.js:2177:19)
    at http://localhost:5199/src/game.js:2149:38
[   32319ms] TypeError: Cannot read properties of undefined (reading 'type')
    at Weapon.update (http://localhost:5199/src/weapon.js:1427:11)
    at Game.animate (http://localhost:5199/src/game.js:2177:19)
    at http://localhost:5199/src/game.js:2149:38
[   32335ms] TypeError: Cannot read properties of undefined (reading 'type')
    at Weapon.update (http://localhost:5199/src/weapon.js:1427:11)
    at Game.animate (http://localhost:5199/src/game.js:2177:19)
    at http://localhost:5199/src/game.js:2149:38
[   32352ms] TypeError: Cannot read properties of undefined (reading 'type')
    at Weapon.update (http://localhost:5199/src/weapon.js:1427:11)
    at Game.animate (http://localhost:5199/src/game.js:2177:19)
    at http://localhost:5199/src/game.js:2149:38
[   32370ms] TypeError: Cannot read properties of undefined (reading 'type')
    at Weapon.update (http://localhost:5199/src/weapon.js:1427:11)
    at Game.animate (http://localhost:5199/src/game.js:2177:19)
    at http://localhost:5199/src/game.js:2149:38
[   32386ms] TypeError: Cannot read properties of undefined (reading 'type')
    at Weapon.update (http://localhost:5199/src/weapon.js:1427:11)
    at Game.animate (http://localhost:5199/src/game.js:2177:19)
    at http://localhost:5199/src/game.js:2149:38
[   32402ms] TypeError: Cannot read properties of undefined (reading 'type')
    at Weapon.update (http://localhost:5199/src/weapon.js:1427:11)
    at Game.animate (http://localhost:5199/src/game.js:2177:19)
    at http://localhost:5199/src/game.js:2149:38
[   32419ms] TypeError: Cannot read properties of undefined (reading 'type')
    at Weapon.update (http://localhost:5199/src/weapon.js:1427:11)
    at Game.animate (http://localhost:5199/src/game.js:2177:19)
    at http://localhost:5199/src/game.js:2149:38
[   32435ms] TypeError: Cannot read properties of undefined (reading 'type')
    at Weapon.update (http://localhost:5199/src/weapon.js:1427:11)
    at Game.animate (http://localhost:5199/src/game.js:2177:19)
    at http://localhost:5199/src/game.js:2149:38
[   32452ms] TypeError: Cannot read properties of undefined (reading 'type')
    at Weapon.update (http://localhost:5199/src/weapon.js:1427:11)
    at Game.animate (http://localhost:5199/src/game.js:2177:19)
    at http://localhost:5199/src/game.js:2149:38
[   32469ms] TypeError: Cannot read properties of undefined (reading 'type')
    at Weapon.update (http://localhost:5199/src/weapon.js:1427:11)
    at Game.animate (http://localhost:5199/src/game.js:2177:19)
    at http://localhost:5199/src/game.js:2149:38
[   32486ms] TypeError: Cannot read properties of undefined (reading 'type')
    at Weapon.update (http://localhost:5199/src/weapon.js:1427:11)
    at Game.animate (http://localhost:5199/src/game.js:2177:19)
    at http://localhost:5199/src/game.js:2149:38
[   32502ms] TypeError: Cannot read properties of undefined (reading 'type')
    at Weapon.update (http://localhost:5199/src/weapon.js:1427:11)
    at Game.animate (http://localhost:5199/src/game.js:2177:19)
    at http://localhost:5199/src/game.js:2149:38
[   32520ms] TypeError: Cannot read properties of undefined (reading 'type')
    at Weapon.update (http://localhost:5199/src/weapon.js:1427:11)
    at Game.animate (http://localhost:5199/src/game.js:2177:19)
    at http://localhost:5199/src/game.js:2149:38
[   32536ms] TypeError: Cannot read properties of undefined (reading 'type')
    at Weapon.update (http://localhost:5199/src/weapon.js:1427:11)
    at Game.animate (http://localhost:5199/src/game.js:2177:19)
    at http://localhost:5199/src/game.js:2149:38
[   32553ms] TypeError: Cannot read properties of undefined (reading 'type')
    at Weapon.update (http://localhost:5199/src/weapon.js:1427:11)
    at Game.animate (http://localhost:5199/src/game.js:2177:19)
    at http://localhost:5199/src/game.js:2149:38
[   32569ms] TypeError: Cannot read properties of undefined (reading 'type')
    at Weapon.update (http://localhost:5199/src/weapon.js:1427:11)
    at Game.animate (http://localhost:5199/src/game.js:2177:19)
    at http://localhost:5199/src/game.js:2149:38
[   32586ms] TypeError: Cannot read properties of undefined (reading 'type')
    at Weapon.update (http://localhost:5199/src/weapon.js:1427:11)
    at Game.animate (http://localhost:5199/src/game.js:2177:19)
    at http://localhost:5199/src/game.js:2149:38
[   32603ms] TypeError: Cannot read properties of undefined (reading 'type')
    at Weapon.update (http://localhost:5199/src/weapon.js:1427:11)
    at Game.animate (http://localhost:5199/src/game.js:2177:19)
    at http://localhost:5199/src/game.js:2149:38
[   32619ms] TypeError: Cannot read properties of undefined (reading 'type')
    at Weapon.update (http://localhost:5199/src/weapon.js:1427:11)
    at Game.animate (http://localhost:5199/src/game.js:2177:19)
    at http://localhost:5199/src/game.js:2149:38
[   32635ms] TypeError: Cannot read properties of undefined (reading 'type')
    at Weapon.update (http://localhost:5199/src/weapon.js:1427:11)
    at Game.animate (http://localhost:5199/src/game.js:2177:19)
    at http://localhost:5199/src/game.js:2149:38
[   32653ms] TypeError: Cannot read properties of undefined (reading 'type')
    at Weapon.update (http://localhost:5199/src/weapon.js:1427:11)
    at Game.animate (http://localhost:5199/src/game.js:2177:19)
    at http://localhost:5199/src/game.js:2149:38
[   32669ms] TypeError: Cannot read properties of undefined (reading 'type')
    at Weapon.update (http://localhost:5199/src/weapon.js:1427:11)
    at Game.animate (http://localhost:5199/src/game.js:2177:19)
    at http://localhost:5199/src/game.js:2149:38
[   32686ms] TypeError: Cannot read properties of undefined (reading 'type')
    at Weapon.update (http://localhost:5199/src/weapon.js:1427:11)
    at Game.animate (http://localhost:5199/src/game.js:2177:19)
    at http://localhost:5199/src/game.js:2149:38
[   32702ms] TypeError: Cannot read properties of undefined (reading 'type')
    at Weapon.update (http://localhost:5199/src/weapon.js:1427:11)
    at Game.animate (http://localhost:5199/src/game.js:2177:19)
    at http://localhost:5199/src/game.js:2149:38
[   32719ms] TypeError: Cannot read properties of undefined (reading 'type')
    at Weapon.update (http://localhost:5199/src/weapon.js:1427:11)
    at Game.animate (http://localhost:5199/src/game.js:2177:19)
    at http://localhost:5199/src/game.js:2149:38
[   32735ms] TypeError: Cannot read properties of undefined (reading 'type')
    at Weapon.update (http://localhost:5199/src/weapon.js:1427:11)
    at Game.animate (http://localhost:5199/src/game.js:2177:19)
    at http://localhost:5199/src/game.js:2149:38
[   32752ms] TypeError: Cannot read properties of undefined (reading 'type')
    at Weapon.update (http://localhost:5199/src/weapon.js:1427:11)
    at Game.animate (http://localhost:5199/src/game.js:2177:19)
    at http://localhost:5199/src/game.js:2149:38
[   32769ms] TypeError: Cannot read properties of undefined (reading 'type')
    at Weapon.update (http://localhost:5199/src/weapon.js:1427:11)
    at Game.animate (http://localhost:5199/src/game.js:2177:19)
    at http://localhost:5199/src/game.js:2149:38
[   32786ms] TypeError: Cannot read properties of undefined (reading 'type')
    at Weapon.update (http://localhost:5199/src/weapon.js:1427:11)
    at Game.animate (http://localhost:5199/src/game.js:2177:19)
    at http://localhost:5199/src/game.js:2149:38
[   32802ms] TypeError: Cannot read properties of undefined (reading 'type')
    at Weapon.update (http://localhost:5199/src/weapon.js:1427:11)
    at Game.animate (http://localhost:5199/src/game.js:2177:19)
    at http://localhost:5199/src/game.js:2149:38
[   32820ms] TypeError: Cannot read properties of undefined (reading 'type')
    at Weapon.update (http://localhost:5199/src/weapon.js:1427:11)
    at Game.animate (http://localhost:5199/src/game.js:2177:19)
    at http://localhost:5199/src/game.js:2149:38
[   32837ms] TypeError: Cannot read properties of undefined (reading 'type')
    at Weapon.update (http://localhost:5199/src/weapon.js:1427:11)
    at Game.animate (http://localhost:5199/src/game.js:2177:19)
    at http://localhost:5199/src/game.js:2149:38
[   32853ms] TypeError: Cannot read properties of undefined (reading 'type')
    at Weapon.update (http://localhost:5199/src/weapon.js:1427:11)
    at Game.animate (http://localhost:5199/src/game.js:2177:19)
    at http://localhost:5199/src/game.js:2149:38
[   32871ms] TypeError: Cannot read properties of undefined (reading 'type')
    at Weapon.update (http://localhost:5199/src/weapon.js:1427:11)
    at Game.animate (http://localhost:5199/src/game.js:2177:19)
    at http://localhost:5199/src/game.js:2149:38
[   32887ms] TypeError: Cannot read properties of undefined (reading 'type')
    at Weapon.update (http://localhost:5199/src/weapon.js:1427:11)
    at Game.animate (http://localhost:5199/src/game.js:2177:19)
    at http://localhost:5199/src/game.js:2149:38
[   32904ms] TypeError: Cannot read properties of undefined (reading 'type')
    at Weapon.update (http://localhost:5199/src/weapon.js:1427:11)
    at Game.animate (http://localhost:5199/src/game.js:2177:19)
    at http://localhost:5199/src/game.js:2149:38
[   32919ms] TypeError: Cannot read properties of undefined (reading 'type')
    at Weapon.update (http://localhost:5199/src/weapon.js:1427:11)
    at Game.animate (http://localhost:5199/src/game.js:2177:19)
    at http://localhost:5199/src/game.js:2149:38
[   32936ms] TypeError: Cannot read properties of undefined (reading 'type')
    at Weapon.update (http://localhost:5199/src/weapon.js:1427:11)
    at Game.animate (http://localhost:5199/src/game.js:2177:19)
    at http://localhost:5199/src/game.js:2149:38
[   32953ms] TypeError: Cannot read properties of undefined (reading 'type')
    at Weapon.update (http://localhost:5199/src/weapon.js:1427:11)
    at Game.animate (http://localhost:5199/src/game.js:2177:19)
    at http://localhost:5199/src/game.js:2149:38
[   32971ms] TypeError: Cannot read properties of undefined (reading 'type')
    at Weapon.update (http://localhost:5199/src/weapon.js:1427:11)
    at Game.animate (http://localhost:5199/src/game.js:2177:19)
    at http://localhost:5199/src/game.js:2149:38
[   32988ms] TypeError: Cannot read properties of undefined (reading 'type')
    at Weapon.update (http://localhost:5199/src/weapon.js:1427:11)
    at Game.animate (http://localhost:5199/src/game.js:2177:19)
    at http://localhost:5199/src/game.js:2149:38
[   33006ms] TypeError: Cannot read properties of undefined (reading 'type')
    at Weapon.update (http://localhost:5199/src/weapon.js:1427:11)
    at Game.animate (http://localhost:5199/src/game.js:2177:19)
    at http://localhost:5199/src/game.js:2149:38
[   33020ms] TypeError: Cannot read properties of undefined (reading 'type')
    at Weapon.update (http://localhost:5199/src/weapon.js:1427:11)
    at Game.animate (http://localhost:5199/src/game.js:2177:19)
    at http://localhost:5199/src/game.js:2149:38
[   33038ms] TypeError: Cannot read properties of undefined (reading 'type')
    at Weapon.update (http://localhost:5199/src/weapon.js:1427:11)
    at Game.animate (http://localhost:5199/src/game.js:2177:19)
    at http://localhost:5199/src/game.js:2149:38
[   33052ms] TypeError: Cannot read properties of undefined (reading 'type')
    at Weapon.update (http://localhost:5199/src/weapon.js:1427:11)
    at Game.animate (http://localhost:5199/src/game.js:2177:19)
    at http://localhost:5199/src/game.js:2149:38
[   33071ms] TypeError: Cannot read properties of undefined (reading 'type')
    at Weapon.update (http://localhost:5199/src/weapon.js:1427:11)
    at Game.animate (http://localhost:5199/src/game.js:2177:19)
    at http://localhost:5199/src/game.js:2149:38
[   33086ms] TypeError: Cannot read properties of undefined (reading 'type')
    at Weapon.update (http://localhost:5199/src/weapon.js:1427:11)
    at Game.animate (http://localhost:5199/src/game.js:2177:19)
    at http://localhost:5199/src/game.js:2149:38
[   33104ms] TypeError: Cannot read properties of undefined (reading 'type')
    at Weapon.update (http://localhost:5199/src/weapon.js:1427:11)
    at Game.animate (http://localhost:5199/src/game.js:2177:19)
    at http://localhost:5199/src/game.js:2149:38
[   33119ms] TypeError: Cannot read properties of undefined (reading 'type')
    at Weapon.update (http://localhost:5199/src/weapon.js:1427:11)
    at Game.animate (http://localhost:5199/src/game.js:2177:19)
    at http://localhost:5199/src/game.js:2149:38
[   33138ms] TypeError: Cannot read properties of undefined (reading 'type')
    at Weapon.update (http://localhost:5199/src/weapon.js:1427:11)
    at Game.animate (http://localhost:5199/src/game.js:2177:19)
    at http://localhost:5199/src/game.js:2149:38
[   33153ms] TypeError: Cannot read properties of undefined (reading 'type')
    at Weapon.update (http://localhost:5199/src/weapon.js:1427:11)
    at Game.animate (http://localhost:5199/src/game.js:2177:19)
    at http://localhost:5199/src/game.js:2149:38
[   33170ms] TypeError: Cannot read properties of undefined (reading 'type')
    at Weapon.update (http://localhost:5199/src/weapon.js:1427:11)
    at Game.animate (http://localhost:5199/src/game.js:2177:19)
    at http://localhost:5199/src/game.js:2149:38
[   33185ms] TypeError: Cannot read properties of undefined (reading 'type')
    at Weapon.update (http://localhost:5199/src/weapon.js:1427:11)
    at Game.animate (http://localhost:5199/src/game.js:2177:19)
    at http://localhost:5199/src/game.js:2149:38
[   33203ms] TypeError: Cannot read properties of undefined (reading 'type')
    at Weapon.update (http://localhost:5199/src/weapon.js:1427:11)
    at Game.animate (http://localhost:5199/src/game.js:2177:19)
    at http://localhost:5199/src/game.js:2149:38
[   33219ms] TypeError: Cannot read properties of undefined (reading 'type')
    at Weapon.update (http://localhost:5199/src/weapon.js:1427:11)
    at Game.animate (http://localhost:5199/src/game.js:2177:19)
    at http://localhost:5199/src/game.js:2149:38
[   33236ms] TypeError: Cannot read properties of undefined (reading 'type')
    at Weapon.update (http://localhost:5199/src/weapon.js:1427:11)
    at Game.animate (http://localhost:5199/src/game.js:2177:19)
    at http://localhost:5199/src/game.js:2149:38
[   33252ms] TypeError: Cannot read properties of undefined (reading 'type')
    at Weapon.update (http://localhost:5199/src/weapon.js:1427:11)
    at Game.animate (http://localhost:5199/src/game.js:2177:19)
    at http://localhost:5199/src/game.js:2149:38
[   33269ms] TypeError: Cannot read properties of undefined (reading 'type')
    at Weapon.update (http://localhost:5199/src/weapon.js:1427:11)
    at Game.animate (http://localhost:5199/src/game.js:2177:19)
    at http://localhost:5199/src/game.js:2149:38
[   33286ms] TypeError: Cannot read properties of undefined (reading 'type')
    at Weapon.update (http://localhost:5199/src/weapon.js:1427:11)
    at Game.animate (http://localhost:5199/src/game.js:2177:19)
    at http://localhost:5199/src/game.js:2149:38
[   34008ms] TypeError: Cannot read properties of undefined (reading 'type')
    at Weapon.update (http://localhost:5199/src/weapon.js:1427:11)
    at Game.animate (http://localhost:5199/src/game.js:2177:19)
    at http://localhost:5199/src/game.js:2149:38
[   34028ms] TypeError: Cannot read properties of undefined (reading 'type')
    at Weapon.update (http://localhost:5199/src/weapon.js:1427:11)
    at Game.animate (http://localhost:5199/src/game.js:2177:19)
    at http://localhost:5199/src/game.js:2149:38
[   34041ms] TypeError: Cannot read properties of undefined (reading 'type')
    at Weapon.update (http://localhost:5199/src/weapon.js:1427:11)
    at Game.animate (http://localhost:5199/src/game.js:2177:19)
    at http://localhost:5199/src/game.js:2149:38
[   34054ms] TypeError: Cannot read properties of undefined (reading 'type')
    at Weapon.update (http://localhost:5199/src/weapon.js:1427:11)
    at Game.animate (http://localhost:5199/src/game.js:2177:19)
    at http://localhost:5199/src/game.js:2149:38
[   34080ms] TypeError: Cannot read properties of undefined (reading 'type')
    at Weapon.update (http://localhost:5199/src/weapon.js:1427:11)
    at Game.animate (http://localhost:5199/src/game.js:2177:19)
    at http://localhost:5199/src/game.js:2149:38
[   34094ms] TypeError: Cannot read properties of undefined (reading 'type')
    at Weapon.update (http://localhost:5199/src/weapon.js:1427:11)
    at Game.animate (http://localhost:5199/src/game.js:2177:19)
    at http://localhost:5199/src/game.js:2149:38
[   34144ms] TypeError: Cannot read properties of undefined (reading 'type')
    at Weapon.update (http://localhost:5199/src/weapon.js:1427:11)
    at Game.animate (http://localhost:5199/src/game.js:2177:19)
    at http://localhost:5199/src/game.js:2149:38
[   34180ms] TypeError: Cannot read properties of undefined (reading 'type')
    at Weapon.update (http://localhost:5199/src/weapon.js:1427:11)
    at Game.animate (http://localhost:5199/src/game.js:2177:19)
    at http://localhost:5199/src/game.js:2149:38
[   34216ms] TypeError: Cannot read properties of undefined (reading 'type')
    at Weapon.update (http://localhost:5199/src/weapon.js:1427:11)
    at Game.animate (http://localhost:5199/src/game.js:2177:19)
    at http://localhost:5199/src/game.js:2149:38
[   34270ms] TypeError: Cannot read properties of undefined (reading 'type')
    at Weapon.update (http://localhost:5199/src/weapon.js:1427:11)
    at Game.animate (http://localhost:5199/src/game.js:2177:19)
    at http://localhost:5199/src/game.js:2149:38
[   34309ms] TypeError: Cannot read properties of undefined (reading 'type')
    at Weapon.update (http://localhost:5199/src/weapon.js:1427:11)
    at Game.animate (http://localhost:5199/src/game.js:2177:19)
    at http://localhost:5199/src/game.js:2149:38
[   34326ms] TypeError: Cannot read properties of undefined (reading 'type')
    at Weapon.update (http://localhost:5199/src/weapon.js:1427:11)
    at Game.animate (http://localhost:5199/src/game.js:2177:19)
    at http://localhost:5199/src/game.js:2149:38
[   34348ms] TypeError: Cannot read properties of undefined (reading 'type')
    at Weapon.update (http://localhost:5199/src/weapon.js:1427:11)
    at Game.animate (http://localhost:5199/src/game.js:2177:19)
    at http://localhost:5199/src/game.js:2149:38
[   34372ms] TypeError: Cannot read properties of undefined (reading 'type')
    at Weapon.update (http://localhost:5199/src/weapon.js:1427:11)
    at Game.animate (http://localhost:5199/src/game.js:2177:19)
    at http://localhost:5199/src/game.js:2149:38
[   34397ms] TypeError: Cannot read properties of undefined (reading 'type')
    at Weapon.update (http://localhost:5199/src/weapon.js:1427:11)
    at Game.animate (http://localhost:5199/src/game.js:2177:19)
    at http://localhost:5199/src/game.js:2149:38
[   34409ms] TypeError: Cannot read properties of undefined (reading 'type')
    at Weapon.update (http://localhost:5199/src/weapon.js:1427:11)
    at Game.animate (http://localhost:5199/src/game.js:2177:19)
    at http://localhost:5199/src/game.js:2149:38
[   34457ms] TypeError: Cannot read properties of undefined (reading 'type')
    at Weapon.update (http://localhost:5199/src/weapon.js:1427:11)
    at Game.animate (http://localhost:5199/src/game.js:2177:19)
    at http://localhost:5199/src/game.js:2149:38
[   34507ms] TypeError: Cannot read properties of undefined (reading 'type')
    at Weapon.update (http://localhost:5199/src/weapon.js:1427:11)
    at Game.animate (http://localhost:5199/src/game.js:2177:19)
    at http://localhost:5199/src/game.js:2149:38
[   34542ms] TypeError: Cannot read properties of undefined (reading 'type')
    at Weapon.update (http://localhost:5199/src/weapon.js:1427:11)
    at Game.animate (http://localhost:5199/src/game.js:2177:19)
    at http://localhost:5199/src/game.js:2149:38
[   34563ms] TypeError: Cannot read properties of undefined (reading 'type')
    at Weapon.update (http://localhost:5199/src/weapon.js:1427:11)
    at Game.animate (http://localhost:5199/src/game.js:2177:19)
    at http://localhost:5199/src/game.js:2149:38
[   34589ms] TypeError: Cannot read properties of undefined (reading 'type')
    at Weapon.update (http://localhost:5199/src/weapon.js:1427:11)
    at Game.animate (http://localhost:5199/src/game.js:2177:19)
    at http://localhost:5199/src/game.js:2149:38
[   34604ms] TypeError: Cannot read properties of undefined (reading 'type')
    at Weapon.update (http://localhost:5199/src/weapon.js:1427:11)
    at Game.animate (http://localhost:5199/src/game.js:2177:19)
    at http://localhost:5199/src/game.js:2149:38
[   34675ms] TypeError: Cannot read properties of undefined (reading 'type')
    at Weapon.update (http://localhost:5199/src/weapon.js:1427:11)
    at Game.animate (http://localhost:5199/src/game.js:2177:19)
    at http://localhost:5199/src/game.js:2149:38
[   34710ms] TypeError: Cannot read properties of undefined (reading 'type')
    at Weapon.update (http://localhost:5199/src/weapon.js:1427:11)
    at Game.animate (http://localhost:5199/src/game.js:2177:19)
    at http://localhost:5199/src/game.js:2149:38
[   34725ms] TypeError: Cannot read properties of undefined (reading 'type')
    at Weapon.update (http://localhost:5199/src/weapon.js:1427:11)
    at Game.animate (http://localhost:5199/src/game.js:2177:19)
    at http://localhost:5199/src/game.js:2149:38
[   34738ms] TypeError: Cannot read properties of undefined (reading 'type')
    at Weapon.update (http://localhost:5199/src/weapon.js:1427:11)
    at Game.animate (http://localhost:5199/src/game.js:2177:19)
    at http://localhost:5199/src/game.js:2149:38
[   34767ms] TypeError: Cannot read properties of undefined (reading 'type')
    at Weapon.update (http://localhost:5199/src/weapon.js:1427:11)
    at Game.animate (http://localhost:5199/src/game.js:2177:19)
    at http://localhost:5199/src/game.js:2149:38
[   34820ms] TypeError: Cannot read properties of undefined (reading 'type')
    at Weapon.update (http://localhost:5199/src/weapon.js:1427:11)
    at Game.animate (http://localhost:5199/src/game.js:2177:19)
    at http://localhost:5199/src/game.js:2149:38
[   34873ms] TypeError: Cannot read properties of undefined (reading 'type')
    at Weapon.update (http://localhost:5199/src/weapon.js:1427:11)
    at Game.animate (http://localhost:5199/src/game.js:2177:19)
    at http://localhost:5199/src/game.js:2149:38
[   34874ms] TypeError: Cannot read properties of undefined (reading 'type')
    at Weapon.update (http://localhost:5199/src/weapon.js:1427:11)
    at Game.animate (http://localhost:5199/src/game.js:2177:19)
    at http://localhost:5199/src/game.js:2149:38
[   34894ms] TypeError: Cannot read properties of undefined (reading 'type')
    at Weapon.update (http://localhost:5199/src/weapon.js:1427:11)
    at Game.animate (http://localhost:5199/src/game.js:2177:19)
    at http://localhost:5199/src/game.js:2149:38
[   34912ms] TypeError: Cannot read properties of undefined (reading 'type')
    at Weapon.update (http://localhost:5199/src/weapon.js:1427:11)
    at Game.animate (http://localhost:5199/src/game.js:2177:19)
    at http://localhost:5199/src/game.js:2149:38
[   34933ms] TypeError: Cannot read properties of undefined (reading 'type')
    at Weapon.update (http://localhost:5199/src/weapon.js:1427:11)
    at Game.animate (http://localhost:5199/src/game.js:2177:19)
    at http://localhost:5199/src/game.js:2149:38
[   34945ms] TypeError: Cannot read properties of undefined (reading 'type')
    at Weapon.update (http://localhost:5199/src/weapon.js:1427:11)
    at Game.animate (http://localhost:5199/src/game.js:2177:19)
    at http://localhost:5199/src/game.js:2149:38
[   34981ms] TypeError: Cannot read properties of undefined (reading 'type')
    at Weapon.update (http://localhost:5199/src/weapon.js:1427:11)
    at Game.animate (http://localhost:5199/src/game.js:2177:19)
    at http://localhost:5199/src/game.js:2149:38
[   35020ms] TypeError: Cannot read properties of undefined (reading 'type')
    at Weapon.update (http://localhost:5199/src/weapon.js:1427:11)
    at Game.animate (http://localhost:5199/src/game.js:2177:19)
    at http://localhost:5199/src/game.js:2149:38
[   35057ms] TypeError: Cannot read properties of undefined (reading 'type')
    at Weapon.update (http://localhost:5199/src/weapon.js:1427:11)
    at Game.animate (http://localhost:5199/src/game.js:2177:19)
    at http://localhost:5199/src/game.js:2149:38
[   35075ms] TypeError: Cannot read properties of undefined (reading 'type')
    at Weapon.update (http://localhost:5199/src/weapon.js:1427:11)
    at Game.animate (http://localhost:5199/src/game.js:2177:19)
    at http://localhost:5199/src/game.js:2149:38
[   35093ms] TypeError: Cannot read properties of undefined (reading 'type')
    at Weapon.update (http://localhost:5199/src/weapon.js:1427:11)
    at Game.animate (http://localhost:5199/src/game.js:2177:19)
    at http://localhost:5199/src/game.js:2149:38
[   35109ms] TypeError: Cannot read properties of undefined (reading 'type')
    at Weapon.update (http://localhost:5199/src/weapon.js:1427:11)
    at Game.animate (http://localhost:5199/src/game.js:2177:19)
    at http://localhost:5199/src/game.js:2149:38
[   35158ms] TypeError: Cannot read properties of undefined (reading 'type')
    at Weapon.update (http://localhost:5199/src/weapon.js:1427:11)
    at Game.animate (http://localhost:5199/src/game.js:2177:19)
    at http://localhost:5199/src/game.js:2149:38
[   35186ms] TypeError: Cannot read properties of undefined (reading 'type')
    at Weapon.update (http://localhost:5199/src/weapon.js:1427:11)
    at Game.animate (http://localhost:5199/src/game.js:2177:19)
    at http://localhost:5199/src/game.js:2149:38
[   35208ms] TypeError: Cannot read properties of undefined (reading 'type')
    at Weapon.update (http://localhost:5199/src/weapon.js:1427:11)
    at Game.animate (http://localhost:5199/src/game.js:2177:19)
    at http://localhost:5199/src/game.js:2149:38
[   35226ms] TypeError: Cannot read properties of undefined (reading 'type')
    at Weapon.update (http://localhost:5199/src/weapon.js:1427:11)
    at Game.animate (http://localhost:5199/src/game.js:2177:19)
    at http://localhost:5199/src/game.js:2149:38
[   35236ms] TypeError: Cannot read properties of undefined (reading 'type')
    at Weapon.update (http://localhost:5199/src/weapon.js:1427:11)
    at Game.animate (http://localhost:5199/src/game.js:2177:19)
    at http://localhost:5199/src/game.js:2149:38
[   35273ms] TypeError: Cannot read properties of undefined (reading 'type')
    at Weapon.update (http://localhost:5199/src/weapon.js:1427:11)
    at Game.animate (http://localhost:5199/src/game.js:2177:19)
    at http://localhost:5199/src/game.js:2149:38
[   35300ms] TypeError: Cannot read properties of undefined (reading 'type')
    at Weapon.update (http://localhost:5199/src/weapon.js:1427:11)
    at Game.animate (http://localhost:5199/src/game.js:2177:19)
    at http://localhost:5199/src/game.js:2149:38
[   35313ms] TypeError: Cannot read properties of undefined (reading 'type')
    at Weapon.update (http://localhost:5199/src/weapon.js:1427:11)
    at Game.animate (http://localhost:5199/src/game.js:2177:19)
    at http://localhost:5199/src/game.js:2149:38
[   35326ms] TypeError: Cannot read properties of undefined (reading 'type')
    at Weapon.update (http://localhost:5199/src/weapon.js:1427:11)
    at Game.animate (http://localhost:5199/src/game.js:2177:19)
    at http://localhost:5199/src/game.js:2149:38
[   35425ms] TypeError: Cannot read properties of undefined (reading 'type')
    at Weapon.update (http://localhost:5199/src/weapon.js:1427:11)
    at Game.animate (http://localhost:5199/src/game.js:2177:19)
    at http://localhost:5199/src/game.js:2149:38
[   35465ms] TypeError: Cannot read properties of undefined (reading 'type')
    at Weapon.update (http://localhost:5199/src/weapon.js:1427:11)
    at Game.animate (http://localhost:5199/src/game.js:2177:19)
    at http://localhost:5199/src/game.js:2149:38
[   35494ms] TypeError: Cannot read properties of undefined (reading 'type')
    at Weapon.update (http://localhost:5199/src/weapon.js:1427:11)
    at Game.animate (http://localhost:5199/src/game.js:2177:19)
    at http://localhost:5199/src/game.js:2149:38
[   35534ms] TypeError: Cannot read properties of undefined (reading 'type')
    at Weapon.update (http://localhost:5199/src/weapon.js:1427:11)
    at Game.animate (http://localhost:5199/src/game.js:2177:19)
    at http://localhost:5199/src/game.js:2149:38
[   35564ms] TypeError: Cannot read properties of undefined (reading 'type')
    at Weapon.update (http://localhost:5199/src/weapon.js:1427:11)
    at Game.animate (http://localhost:5199/src/game.js:2177:19)
    at http://localhost:5199/src/game.js:2149:38
[   35584ms] TypeError: Cannot read properties of undefined (reading 'type')
    at Weapon.update (http://localhost:5199/src/weapon.js:1427:11)
    at Game.animate (http://localhost:5199/src/game.js:2177:19)
    at http://localhost:5199/src/game.js:2149:38
[   35598ms] TypeError: Cannot read properties of undefined (reading 'type')
    at Weapon.update (http://localhost:5199/src/weapon.js:1427:11)
    at Game.animate (http://localhost:5199/src/game.js:2177:19)
    at http://localhost:5199/src/game.js:2149:38
[   35649ms] TypeError: Cannot read properties of undefined (reading 'type')
    at Weapon.update (http://localhost:5199/src/weapon.js:1427:11)
    at Game.animate (http://localhost:5199/src/game.js:2177:19)
    at http://localhost:5199/src/game.js:2149:38
[   35671ms] TypeError: Cannot read properties of undefined (reading 'type')
    at Weapon.update (http://localhost:5199/src/weapon.js:1427:11)
    at Game.animate (http://localhost:5199/src/game.js:2177:19)
    at http://localhost:5199/src/game.js:2149:38
[   35687ms] TypeError: Cannot read properties of undefined (reading 'type')
    at Weapon.update (http://localhost:5199/src/weapon.js:1427:11)
    at Game.animate (http://localhost:5199/src/game.js:2177:19)
    at http://localhost:5199/src/game.js:2149:38
[   35707ms] TypeError: Cannot read properties of undefined (reading 'type')
    at Weapon.update (http://localhost:5199/src/weapon.js:1427:11)
    at Game.animate (http://localhost:5199/src/game.js:2177:19)
    at http://localhost:5199/src/game.js:2149:38
[   35739ms] TypeError: Cannot read properties of undefined (reading 'type')
    at Weapon.update (http://localhost:5199/src/weapon.js:1427:11)
    at Game.animate (http://localhost:5199/src/game.js:2177:19)
    at http://localhost:5199/src/game.js:2149:38
[   35831ms] TypeError: Cannot read properties of undefined (reading 'type')
    at Weapon.update (http://localhost:5199/src/weapon.js:1427:11)
    at Game.animate (http://localhost:5199/src/game.js:2177:19)
    at http://localhost:5199/src/game.js:2149:38
[   35932ms] TypeError: Cannot read properties of undefined (reading 'type')
    at Weapon.update (http://localhost:5199/src/weapon.js:1427:11)
    at Game.animate (http://localhost:5199/src/game.js:2177:19)
    at http://localhost:5199/src/game.js:2149:38
[   36006ms] TypeError: Cannot read properties of undefined (reading 'type')
    at Weapon.update (http://localhost:5199/src/weapon.js:1427:11)
    at Game.animate (http://localhost:5199/src/game.js:2177:19)
    at http://localhost:5199/src/game.js:2149:38
[   36026ms] TypeError: Cannot read properties of undefined (reading 'type')
    at Weapon.update (http://localhost:5199/src/weapon.js:1427:11)
    at Game.animate (http://localhost:5199/src/game.js:2177:19)
    at http://localhost:5199/src/game.js:2149:38
[   36063ms] TypeError: Cannot read properties of undefined (reading 'type')
    at Weapon.update (http://localhost:5199/src/weapon.js:1427:11)
    at Game.animate (http://localhost:5199/src/game.js:2177:19)
    at http://localhost:5199/src/game.js:2149:38
[   36090ms] TypeError: Cannot read properties of undefined (reading 'type')
    at Weapon.update (http://localhost:5199/src/weapon.js:1427:11)
    at Game.animate (http://localhost:5199/src/game.js:2177:19)
    at http://localhost:5199/src/game.js:2149:38
[   36160ms] TypeError: Cannot read properties of undefined (reading 'type')
    at Weapon.update (http://localhost:5199/src/weapon.js:1427:11)
    at Game.animate (http://localhost:5199/src/game.js:2177:19)
    at http://localhost:5199/src/game.js:2149:38
[   36191ms] TypeError: Cannot read properties of undefined (reading 'type')
    at Weapon.update (http://localhost:5199/src/weapon.js:1427:11)
    at Game.animate (http://localhost:5199/src/game.js:2177:19)
    at http://localhost:5199/src/game.js:2149:38
[   36206ms] TypeError: Cannot read properties of undefined (reading 'type')
    at Weapon.update (http://localhost:5199/src/weapon.js:1427:11)
    at Game.animate (http://localhost:5199/src/game.js:2177:19)
    at http://localhost:5199/src/game.js:2149:38
[   36252ms] TypeError: Cannot read properties of undefined (reading 'type')
    at Weapon.update (http://localhost:5199/src/weapon.js:1427:11)
    at Game.animate (http://localhost:5199/src/game.js:2177:19)
    at http://localhost:5199/src/game.js:2149:38
[   36287ms] TypeError: Cannot read properties of undefined (reading 'type')
    at Weapon.update (http://localhost:5199/src/weapon.js:1427:11)
    at Game.animate (http://localhost:5199/src/game.js:2177:19)
    at http://localhost:5199/src/game.js:2149:38
[   36310ms] TypeError: Cannot read properties of undefined (reading 'type')
    at Weapon.update (http://localhost:5199/src/weapon.js:1427:11)
    at Game.animate (http://localhost:5199/src/game.js:2177:19)
    at http://localhost:5199/src/game.js:2149:38
[   36337ms] TypeError: Cannot read properties of undefined (reading 'type')
    at Weapon.update (http://localhost:5199/src/weapon.js:1427:11)
    at Game.animate (http://localhost:5199/src/game.js:2177:19)
    at http://localhost:5199/src/game.js:2149:38
[   36387ms] TypeError: Cannot read properties of undefined (reading 'type')
    at Weapon.update (http://localhost:5199/src/weapon.js:1427:11)
    at Game.animate (http://localhost:5199/src/game.js:2177:19)
    at http://localhost:5199/src/game.js:2149:38
[   36625ms] TypeError: Cannot read properties of undefined (reading 'type')
    at Weapon.update (http://localhost:5199/src/weapon.js:1427:11)
    at Game.animate (http://localhost:5199/src/game.js:2177:19)
    at http://localhost:5199/src/game.js:2149:38
[   36625ms] TypeError: Cannot read properties of undefined (reading 'type')
    at Weapon.update (http://localhost:5199/src/weapon.js:1427:11)
    at Game.animate (http://localhost:5199/src/game.js:2177:19)
    at http://localhost:5199/src/game.js:2149:38
[   36625ms] TypeError: Cannot read properties of undefined (reading 'type')
    at Weapon.update (http://localhost:5199/src/weapon.js:1427:11)
    at Game.animate (http://localhost:5199/src/game.js:2177:19)
    at http://localhost:5199/src/game.js:2149:38
[   36644ms] TypeError: Cannot read properties of undefined (reading 'type')
    at Weapon.update (http://localhost:5199/src/weapon.js:1427:11)
    at Game.animate (http://localhost:5199/src/game.js:2177:19)
    at http://localhost:5199/src/game.js:2149:38
[   36653ms] TypeError: Cannot read properties of undefined (reading 'type')
    at Weapon.update (http://localhost:5199/src/weapon.js:1427:11)
    at Game.animate (http://localhost:5199/src/game.js:2177:19)
    at http://localhost:5199/src/game.js:2149:38
[   36669ms] TypeError: Cannot read properties of undefined (reading 'type')
    at Weapon.update (http://localhost:5199/src/weapon.js:1427:11)
    at Game.animate (http://localhost:5199/src/game.js:2177:19)
    at http://localhost:5199/src/game.js:2149:38
[   36685ms] TypeError: Cannot read properties of undefined (reading 'type')
    at Weapon.update (http://localhost:5199/src/weapon.js:1427:11)
    at Game.animate (http://localhost:5199/src/game.js:2177:19)
    at http://localhost:5199/src/game.js:2149:38
[   36706ms] TypeError: Cannot read properties of undefined (reading 'type')
    at Weapon.update (http://localhost:5199/src/weapon.js:1427:11)
    at Game.animate (http://localhost:5199/src/game.js:2177:19)
    at http://localhost:5199/src/game.js:2149:38
[   36727ms] TypeError: Cannot read properties of undefined (reading 'type')
    at Weapon.update (http://localhost:5199/src/weapon.js:1427:11)
    at Game.animate (http://localhost:5199/src/game.js:2177:19)
    at http://localhost:5199/src/game.js:2149:38
[   36747ms] TypeError: Cannot read properties of undefined (reading 'type')
    at Weapon.update (http://localhost:5199/src/weapon.js:1427:11)
    at Game.animate (http://localhost:5199/src/game.js:2177:19)
    at http://localhost:5199/src/game.js:2149:38
[   36761ms] TypeError: Cannot read properties of undefined (reading 'type')
    at Weapon.update (http://localhost:5199/src/weapon.js:1427:11)
    at Game.animate (http://localhost:5199/src/game.js:2177:19)
    at http://localhost:5199/src/game.js:2149:38
[   36795ms] TypeError: Cannot read properties of undefined (reading 'type')
    at Weapon.update (http://localhost:5199/src/weapon.js:1427:11)
    at Game.animate (http://localhost:5199/src/game.js:2177:19)
    at http://localhost:5199/src/game.js:2149:38
[   36806ms] TypeError: Cannot read properties of undefined (reading 'type')
    at Weapon.update (http://localhost:5199/src/weapon.js:1427:11)
    at Game.animate (http://localhost:5199/src/game.js:2177:19)
    at http://localhost:5199/src/game.js:2149:38
[   36827ms] TypeError: Cannot read properties of undefined (reading 'type')
    at Weapon.update (http://localhost:5199/src/weapon.js:1427:11)
    at Game.animate (http://localhost:5199/src/game.js:2177:19)
    at http://localhost:5199/src/game.js:2149:38
[   36868ms] TypeError: Cannot read properties of undefined (reading 'type')
    at Weapon.update (http://localhost:5199/src/weapon.js:1427:11)
    at Game.animate (http://localhost:5199/src/game.js:2177:19)
    at http://localhost:5199/src/game.js:2149:38
[   36892ms] TypeError: Cannot read properties of undefined (reading 'type')
    at Weapon.update (http://localhost:5199/src/weapon.js:1427:11)
    at Game.animate (http://localhost:5199/src/game.js:2177:19)
    at http://localhost:5199/src/game.js:2149:38
[   36909ms] TypeError: Cannot read properties of undefined (reading 'type')
    at Weapon.update (http://localhost:5199/src/weapon.js:1427:11)
    at Game.animate (http://localhost:5199/src/game.js:2177:19)
    at http://localhost:5199/src/game.js:2149:38
[   36927ms] TypeError: Cannot read properties of undefined (reading 'type')
    at Weapon.update (http://localhost:5199/src/weapon.js:1427:11)
    at Game.animate (http://localhost:5199/src/game.js:2177:19)
    at http://localhost:5199/src/game.js:2149:38
[   36960ms] TypeError: Cannot read properties of undefined (reading 'type')
    at Weapon.update (http://localhost:5199/src/weapon.js:1427:11)
    at Game.animate (http://localhost:5199/src/game.js:2177:19)
    at http://localhost:5199/src/game.js:2149:38
[   36984ms] TypeError: Cannot read properties of undefined (reading 'type')
    at Weapon.update (http://localhost:5199/src/weapon.js:1427:11)
    at Game.animate (http://localhost:5199/src/game.js:2177:19)
    at http://localhost:5199/src/game.js:2149:38
[   37011ms] TypeError: Cannot read properties of undefined (reading 'type')
    at Weapon.update (http://localhost:5199/src/weapon.js:1427:11)
    at Game.animate (http://localhost:5199/src/game.js:2177:19)
    at http://localhost:5199/src/game.js:2149:38
[   37026ms] TypeError: Cannot read properties of undefined (reading 'type')
    at Weapon.update (http://localhost:5199/src/weapon.js:1427:11)
    at Game.animate (http://localhost:5199/src/game.js:2177:19)
    at http://localhost:5199/src/game.js:2149:38
[   37039ms] TypeError: Cannot read properties of undefined (reading 'type')
    at Weapon.update (http://localhost:5199/src/weapon.js:1427:11)
    at Game.animate (http://localhost:5199/src/game.js:2177:19)
    at http://localhost:5199/src/game.js:2149:38
[   37056ms] TypeError: Cannot read properties of undefined (reading 'type')
    at Weapon.update (http://localhost:5199/src/weapon.js:1427:11)
    at Game.animate (http://localhost:5199/src/game.js:2177:19)
    at http://localhost:5199/src/game.js:2149:38
[   37112ms] TypeError: Cannot read properties of undefined (reading 'type')
    at Weapon.update (http://localhost:5199/src/weapon.js:1427:11)
    at Game.animate (http://localhost:5199/src/game.js:2177:19)
    at http://localhost:5199/src/game.js:2149:38
[   37144ms] TypeError: Cannot read properties of undefined (reading 'type')
    at Weapon.update (http://localhost:5199/src/weapon.js:1427:11)
    at Game.animate (http://localhost:5199/src/game.js:2177:19)
    at http://localhost:5199/src/game.js:2149:38
[   37168ms] TypeError: Cannot read properties of undefined (reading 'type')
    at Weapon.update (http://localhost:5199/src/weapon.js:1427:11)
    at Game.animate (http://localhost:5199/src/game.js:2177:19)
    at http://localhost:5199/src/game.js:2149:38
[   37180ms] TypeError: Cannot read properties of undefined (reading 'type')
    at Weapon.update (http://localhost:5199/src/weapon.js:1427:11)
    at Game.animate (http://localhost:5199/src/game.js:2177:19)
    at http://localhost:5199/src/game.js:2149:38
[   37207ms] TypeError: Cannot read properties of undefined (reading 'type')
    at Weapon.fire (http://localhost:5199/src/weapon.js:1215:11)
    at Game.handleShoot (http://localhost:5199/src/game.js:998:29)
    at http://localhost:5199/src/game.js:339:36
    at http://localhost:5199/src/player.js:86:43
    at Array.forEach (<anonymous>)
    at HTMLDocument.<anonymous> (http://localhost:5199/src/player.js:86:29)
[   37228ms] TypeError: Cannot read properties of undefined (reading 'type')
    at Weapon.update (http://localhost:5199/src/weapon.js:1427:11)
    at Game.animate (http://localhost:5199/src/game.js:2177:19)
    at http://localhost:5199/src/game.js:2149:38
[   37272ms] TypeError: Cannot read properties of undefined (reading 'type')
    at Weapon.update (http://localhost:5199/src/weapon.js:1427:11)
    at Game.animate (http://localhost:5199/src/game.js:2177:19)
    at http://localhost:5199/src/game.js:2149:38
[   37298ms] TypeError: Cannot read properties of undefined (reading 'type')
    at Weapon.update (http://localhost:5199/src/weapon.js:1427:11)
    at Game.animate (http://localhost:5199/src/game.js:2177:19)
    at http://localhost:5199/src/game.js:2149:38
[   37328ms] TypeError: Cannot read properties of undefined (reading 'type')
    at Weapon.update (http://localhost:5199/src/weapon.js:1427:11)
    at Game.animate (http://localhost:5199/src/game.js:2177:19)
    at http://localhost:5199/src/game.js:2149:38
[   37342ms] TypeError: Cannot read properties of undefined (reading 'type')
    at Weapon.update (http://localhost:5199/src/weapon.js:1427:11)
    at Game.animate (http://localhost:5199/src/game.js:2177:19)
    at http://localhost:5199/src/game.js:2149:38
[   37362ms] TypeError: Cannot read properties of undefined (reading 'type')
    at Weapon.update (http://localhost:5199/src/weapon.js:1427:11)
    at Game.animate (http://localhost:5199/src/game.js:2177:19)
    at http://localhost:5199/src/game.js:2149:38
[   37397ms] TypeError: Cannot read properties of undefined (reading 'type')
    at Weapon.update (http://localhost:5199/src/weapon.js:1427:11)
    at Game.animate (http://localhost:5199/src/game.js:2177:19)
    at http://localhost:5199/src/game.js:2149:38
[   37455ms] TypeError: Cannot read properties of undefined (reading 'type')
    at Weapon.update (http://localhost:5199/src/weapon.js:1427:11)
    at Game.animate (http://localhost:5199/src/game.js:2177:19)
    at http://localhost:5199/src/game.js:2149:38
[   37488ms] TypeError: Cannot read properties of undefined (reading 'type')
    at Weapon.update (http://localhost:5199/src/weapon.js:1427:11)
    at Game.animate (http://localhost:5199/src/game.js:2177:19)
    at http://localhost:5199/src/game.js:2149:38
[   37509ms] TypeError: Cannot read properties of undefined (reading 'type')
    at Weapon.update (http://localhost:5199/src/weapon.js:1427:11)
    at Game.animate (http://localhost:5199/src/game.js:2177:19)
    at http://localhost:5199/src/game.js:2149:38
[   37526ms] TypeError: Cannot read properties of undefined (reading 'type')
    at Weapon.update (http://localhost:5199/src/weapon.js:1427:11)
    at Game.animate (http://localhost:5199/src/game.js:2177:19)
    at http://localhost:5199/src/game.js:2149:38
[   37551ms] TypeError: Cannot read properties of undefined (reading 'type')
    at Weapon.update (http://localhost:5199/src/weapon.js:1427:11)
    at Game.animate (http://localhost:5199/src/game.js:2177:19)
    at http://localhost:5199/src/game.js:2149:38
[   37626ms] TypeError: Cannot read properties of undefined (reading 'type')
    at Weapon.update (http://localhost:5199/src/weapon.js:1427:11)
    at Game.animate (http://localhost:5199/src/game.js:2177:19)
    at http://localhost:5199/src/game.js:2149:38
[   37655ms] TypeError: Cannot read properties of undefined (reading 'type')
    at Weapon.update (http://localhost:5199/src/weapon.js:1427:11)
    at Game.animate (http://localhost:5199/src/game.js:2177:19)
    at http://localhost:5199/src/game.js:2149:38
[   37685ms] TypeError: Cannot read properties of undefined (reading 'type')
    at Weapon.update (http://localhost:5199/src/weapon.js:1427:11)
    at Game.animate (http://localhost:5199/src/game.js:2177:19)
    at http://localhost:5199/src/game.js:2149:38
[   37703ms] TypeError: Cannot read properties of undefined (reading 'type')
    at Weapon.update (http://localhost:5199/src/weapon.js:1427:11)
    at Game.animate (http://localhost:5199/src/game.js:2177:19)
    at http://localhost:5199/src/game.js:2149:38
[   37722ms] TypeError: Cannot read properties of undefined (reading 'type')
    at Weapon.update (http://localhost:5199/src/weapon.js:1427:11)
    at Game.animate (http://localhost:5199/src/game.js:2177:19)
    at http://localhost:5199/src/game.js:2149:38
[   37741ms] TypeError: Cannot read properties of undefined (reading 'type')
    at Weapon.update (http://localhost:5199/src/weapon.js:1427:11)
    at Game.animate (http://localhost:5199/src/game.js:2177:19)
    at http://localhost:5199/src/game.js:2149:38
[   37809ms] TypeError: Cannot read properties of undefined (reading 'type')
    at Weapon.update (http://localhost:5199/src/weapon.js:1427:11)
    at Game.animate (http://localhost:5199/src/game.js:2177:19)
    at http://localhost:5199/src/game.js:2149:38
[   37843ms] TypeError: Cannot read properties of undefined (reading 'type')
    at Weapon.update (http://localhost:5199/src/weapon.js:1427:11)
    at Game.animate (http://localhost:5199/src/game.js:2177:19)
    at http://localhost:5199/src/game.js:2149:38
[   37859ms] TypeError: Cannot read properties of undefined (reading 'type')
    at Weapon.update (http://localhost:5199/src/weapon.js:1427:11)
    at Game.animate (http://localhost:5199/src/game.js:2177:19)
    at http://localhost:5199/src/game.js:2149:38
[   37889ms] TypeError: Cannot read properties of undefined (reading 'type')
    at Weapon.fire (http://localhost:5199/src/weapon.js:1215:11)
    at Game.handleShoot (http://localhost:5199/src/game.js:998:29)
    at http://localhost:5199/src/game.js:339:36
    at http://localhost:5199/src/player.js:86:43
    at Array.forEach (<anonymous>)
    at HTMLDocument.<anonymous> (http://localhost:5199/src/player.js:86:29)
[   37889ms] TypeError: Cannot read properties of undefined (reading 'type')
    at Weapon.update (http://localhost:5199/src/weapon.js:1427:11)
    at Game.animate (http://localhost:5199/src/game.js:2177:19)
    at http://localhost:5199/src/game.js:2149:38
[   37902ms] TypeError: Cannot read properties of undefined (reading 'type')
    at Weapon.update (http://localhost:5199/src/weapon.js:1427:11)
    at Game.animate (http://localhost:5199/src/game.js:2177:19)
    at http://localhost:5199/src/game.js:2149:38
[   37953ms] TypeError: Cannot read properties of undefined (reading 'type')
    at Weapon.update (http://localhost:5199/src/weapon.js:1427:11)
    at Game.animate (http://localhost:5199/src/game.js:2177:19)
    at http://localhost:5199/src/game.js:2149:38
[   38019ms] TypeError: Cannot read properties of undefined (reading 'type')
    at Weapon.update (http://localhost:5199/src/weapon.js:1427:11)
    at Game.animate (http://localhost:5199/src/game.js:2177:19)
    at http://localhost:5199/src/game.js:2149:38
[   38040ms] TypeError: Cannot read properties of undefined (reading 'type')
    at Weapon.update (http://localhost:5199/src/weapon.js:1427:11)
    at Game.animate (http://localhost:5199/src/game.js:2177:19)
    at http://localhost:5199/src/game.js:2149:38
[   38070ms] TypeError: Cannot read properties of undefined (reading 'type')
    at Weapon.update (http://localhost:5199/src/weapon.js:1427:11)
    at Game.animate (http://localhost:5199/src/game.js:2177:19)
    at http://localhost:5199/src/game.js:2149:38
[   38105ms] TypeError: Cannot read properties of undefined (reading 'type')
    at Weapon.update (http://localhost:5199/src/weapon.js:1427:11)
    at Game.animate (http://localhost:5199/src/game.js:2177:19)
    at http://localhost:5199/src/game.js:2149:38
[   38130ms] TypeError: Cannot read properties of undefined (reading 'type')
    at Weapon.update (http://localhost:5199/src/weapon.js:1427:11)
    at Game.animate (http://localhost:5199/src/game.js:2177:19)
    at http://localhost:5199/src/game.js:2149:38
[   38144ms] TypeError: Cannot read properties of undefined (reading 'type')
    at Weapon.update (http://localhost:5199/src/weapon.js:1427:11)
    at Game.animate (http://localhost:5199/src/game.js:2177:19)
    at http://localhost:5199/src/game.js:2149:38
[   38209ms] TypeError: Cannot read properties of undefined (reading 'type')
    at Weapon.update (http://localhost:5199/src/weapon.js:1427:11)
    at Game.animate (http://localhost:5199/src/game.js:2177:19)
    at http://localhost:5199/src/game.js:2149:38
[   38294ms] TypeError: Cannot read properties of undefined (reading 'type')
    at Weapon.update (http://localhost:5199/src/weapon.js:1427:11)
    at Game.animate (http://localhost:5199/src/game.js:2177:19)
    at http://localhost:5199/src/game.js:2149:38
[   38315ms] TypeError: Cannot read properties of undefined (reading 'type')
    at Weapon.update (http://localhost:5199/src/weapon.js:1427:11)
    at Game.animate (http://localhost:5199/src/game.js:2177:19)
    at http://localhost:5199/src/game.js:2149:38
[   38341ms] TypeError: Cannot read properties of undefined (reading 'type')
    at Weapon.update (http://localhost:5199/src/weapon.js:1427:11)
    at Game.animate (http://localhost:5199/src/game.js:2177:19)
    at http://localhost:5199/src/game.js:2149:38
[   38371ms] TypeError: Cannot read properties of undefined (reading 'type')
    at Weapon.update (http://localhost:5199/src/weapon.js:1427:11)
    at Game.animate (http://localhost:5199/src/game.js:2177:19)
    at http://localhost:5199/src/game.js:2149:38
[   38414ms] TypeError: Cannot read properties of undefined (reading 'type')
    at Weapon.fire (http://localhost:5199/src/weapon.js:1215:11)
    at Game.handleShoot (http://localhost:5199/src/game.js:998:29)
    at http://localhost:5199/src/game.js:339:36
    at http://localhost:5199/src/player.js:86:43
    at Array.forEach (<anonymous>)
    at HTMLDocument.<anonymous> (http://localhost:5199/src/player.js:86:29)
[   38439ms] TypeError: Cannot read properties of undefined (reading 'type')
    at Weapon.update (http://localhost:5199/src/weapon.js:1427:11)
    at Game.animate (http://localhost:5199/src/game.js:2177:19)
    at http://localhost:5199/src/game.js:2149:38
[   38464ms] TypeError: Cannot read properties of undefined (reading 'type')
    at Weapon.update (http://localhost:5199/src/weapon.js:1427:11)
    at Game.animate (http://localhost:5199/src/game.js:2177:19)
    at http://localhost:5199/src/game.js:2149:38
[   38477ms] TypeError: Cannot read properties of undefined (reading 'type')
    at Weapon.update (http://localhost:5199/src/weapon.js:1427:11)
    at Game.animate (http://localhost:5199/src/game.js:2177:19)
    at http://localhost:5199/src/game.js:2149:38
[   38501ms] TypeError: Cannot read properties of undefined (reading 'type')
    at Weapon.update (http://localhost:5199/src/weapon.js:1427:11)
    at Game.animate (http://localhost:5199/src/game.js:2177:19)
    at http://localhost:5199/src/game.js:2149:38
[   38539ms] TypeError: Cannot read properties of undefined (reading 'type')
    at Weapon.update (http://localhost:5199/src/weapon.js:1427:11)
    at Game.animate (http://localhost:5199/src/game.js:2177:19)
    at http://localhost:5199/src/game.js:2149:38
[   38578ms] TypeError: Cannot read properties of undefined (reading 'type')
    at Weapon.update (http://localhost:5199/src/weapon.js:1427:11)
    at Game.animate (http://localhost:5199/src/game.js:2177:19)
    at http://localhost:5199/src/game.js:2149:38
[   38607ms] TypeError: Cannot read properties of undefined (reading 'type')
    at Weapon.update (http://localhost:5199/src/weapon.js:1427:11)
    at Game.animate (http://localhost:5199/src/game.js:2177:19)
    at http://localhost:5199/src/game.js:2149:38
[   38646ms] TypeError: Cannot read properties of undefined (reading 'type')
    at Weapon.fire (http://localhost:5199/src/weapon.js:1215:11)
    at Game.handleShoot (http://localhost:5199/src/game.js:998:29)
    at http://localhost:5199/src/game.js:339:36
    at http://localhost:5199/src/player.js:86:43
    at Array.forEach (<anonymous>)
    at HTMLDocument.<anonymous> (http://localhost:5199/src/player.js:86:29)
[   38647ms] TypeError: Cannot read properties of undefined (reading 'type')
    at Weapon.update (http://localhost:5199/src/weapon.js:1427:11)
    at Game.animate (http://localhost:5199/src/game.js:2177:19)
    at http://localhost:5199/src/game.js:2149:38
[   38669ms] TypeError: Cannot read properties of undefined (reading 'type')
    at Weapon.update (http://localhost:5199/src/weapon.js:1427:11)
    at Game.animate (http://localhost:5199/src/game.js:2177:19)
    at http://localhost:5199/src/game.js:2149:38
[   38685ms] TypeError: Cannot read properties of undefined (reading 'type')
    at Weapon.update (http://localhost:5199/src/weapon.js:1427:11)
    at Game.animate (http://localhost:5199/src/game.js:2177:19)
    at http://localhost:5199/src/game.js:2149:38
[   38707ms] TypeError: Cannot read properties of undefined (reading 'type')
    at Weapon.update (http://localhost:5199/src/weapon.js:1427:11)
    at Game.animate (http://localhost:5199/src/game.js:2177:19)
    at http://localhost:5199/src/game.js:2149:38
[   38762ms] TypeError: Cannot read properties of undefined (reading 'type')
    at Weapon.update (http://localhost:5199/src/weapon.js:1427:11)
    at Game.animate (http://localhost:5199/src/game.js:2177:19)
    at http://localhost:5199/src/game.js:2149:38
[   38781ms] TypeError: Cannot read properties of undefined (reading 'type')
    at Weapon.fire (http://localhost:5199/src/weapon.js:1215:11)
    at Game.handleShoot (http://localhost:5199/src/game.js:998:29)
    at http://localhost:5199/src/game.js:339:36
    at http://localhost:5199/src/player.js:86:43
    at Array.forEach (<anonymous>)
    at HTMLDocument.<anonymous> (http://localhost:5199/src/player.js:86:29)
[   38797ms] TypeError: Cannot read properties of undefined (reading 'type')
    at Weapon.update (http://localhost:5199/src/weapon.js:1427:11)
    at Game.animate (http://localhost:5199/src/game.js:2177:19)
    at http://localhost:5199/src/game.js:2149:38
[   38835ms] TypeError: Cannot read properties of undefined (reading 'type')
    at Weapon.update (http://localhost:5199/src/weapon.js:1427:11)
    at Game.animate (http://localhost:5199/src/game.js:2177:19)
    at http://localhost:5199/src/game.js:2149:38
[   38855ms] TypeError: Cannot read properties of undefined (reading 'type')
    at Weapon.update (http://localhost:5199/src/weapon.js:1427:11)
    at Game.animate (http://localhost:5199/src/game.js:2177:19)
    at http://localhost:5199/src/game.js:2149:38
[   38882ms] TypeError: Cannot read properties of undefined (reading 'type')
    at Weapon.update (http://localhost:5199/src/weapon.js:1427:11)
    at Game.animate (http://localhost:5199/src/game.js:2177:19)
    at http://localhost:5199/src/game.js:2149:38
[   38919ms] TypeError: Cannot read properties of undefined (reading 'type')
    at Weapon.update (http://localhost:5199/src/weapon.js:1427:11)
    at Game.animate (http://localhost:5199/src/game.js:2177:19)
    at http://localhost:5199/src/game.js:2149:38
[   38942ms] TypeError: Cannot read properties of undefined (reading 'type')
    at Weapon.fire (http://localhost:5199/src/weapon.js:1215:11)
    at Game.handleShoot (http://localhost:5199/src/game.js:998:29)
    at http://localhost:5199/src/game.js:339:36
    at http://localhost:5199/src/player.js:86:43
    at Array.forEach (<anonymous>)
    at HTMLDocument.<anonymous> (http://localhost:5199/src/player.js:86:29)
[   38942ms] TypeError: Cannot read properties of undefined (reading 'type')
    at Weapon.update (http://localhost:5199/src/weapon.js:1427:11)
    at Game.animate (http://localhost:5199/src/game.js:2177:19)
    at http://localhost:5199/src/game.js:2149:38
[   38963ms] TypeError: Cannot read properties of undefined (reading 'type')
    at Weapon.update (http://localhost:5199/src/weapon.js:1427:11)
    at Game.animate (http://localhost:5199/src/game.js:2177:19)
    at http://localhost:5199/src/game.js:2149:38
[   38997ms] TypeError: Cannot read properties of undefined (reading 'type')
    at Weapon.update (http://localhost:5199/src/weapon.js:1427:11)
    at Game.animate (http://localhost:5199/src/game.js:2177:19)
    at http://localhost:5199/src/game.js:2149:38
[   39024ms] TypeError: Cannot read properties of undefined (reading 'type')
    at Weapon.update (http://localhost:5199/src/weapon.js:1427:11)
    at Game.animate (http://localhost:5199/src/game.js:2177:19)
    at http://localhost:5199/src/game.js:2149:38
[   39051ms] TypeError: Cannot read properties of undefined (reading 'type')
    at Weapon.update (http://localhost:5199/src/weapon.js:1427:11)
    at Game.animate (http://localhost:5199/src/game.js:2177:19)
    at http://localhost:5199/src/game.js:2149:38
[   39071ms] TypeError: Cannot read properties of undefined (reading 'type')
    at Weapon.update (http://localhost:5199/src/weapon.js:1427:11)
    at Game.animate (http://localhost:5199/src/game.js:2177:19)
    at http://localhost:5199/src/game.js:2149:38
[   39091ms] TypeError: Cannot read properties of undefined (reading 'type')
    at Weapon.update (http://localhost:5199/src/weapon.js:1427:11)
    at Game.animate (http://localhost:5199/src/game.js:2177:19)
    at http://localhost:5199/src/game.js:2149:38
[   39101ms] TypeError: Cannot read properties of undefined (reading 'type')
    at Weapon.fire (http://localhost:5199/src/weapon.js:1215:11)
    at Game.handleShoot (http://localhost:5199/src/game.js:998:29)
    at http://localhost:5199/src/game.js:339:36
    at http://localhost:5199/src/player.js:86:43
    at Array.forEach (<anonymous>)
    at HTMLDocument.<anonymous> (http://localhost:5199/src/player.js:86:29)
[   39127ms] TypeError: Cannot read properties of undefined (reading 'type')
    at Weapon.update (http://localhost:5199/src/weapon.js:1427:11)
    at Game.animate (http://localhost:5199/src/game.js:2177:19)
    at http://localhost:5199/src/game.js:2149:38
[   39158ms] TypeError: Cannot read properties of undefined (reading 'type')
    at Weapon.update (http://localhost:5199/src/weapon.js:1427:11)
    at Game.animate (http://localhost:5199/src/game.js:2177:19)
    at http://localhost:5199/src/game.js:2149:38
[   39185ms] TypeError: Cannot read properties of undefined (reading 'type')
    at Weapon.update (http://localhost:5199/src/weapon.js:1427:11)
    at Game.animate (http://localhost:5199/src/game.js:2177:19)
    at http://localhost:5199/src/game.js:2149:38
[   39210ms] TypeError: Cannot read properties of undefined (reading 'type')
    at Weapon.update (http://localhost:5199/src/weapon.js:1427:11)
    at Game.animate (http://localhost:5199/src/game.js:2177:19)
    at http://localhost:5199/src/game.js:2149:38
[   39225ms] TypeError: Cannot read properties of undefined (reading 'type')
    at Weapon.update (http://localhost:5199/src/weapon.js:1427:11)
    at Game.animate (http://localhost:5199/src/game.js:2177:19)
    at http://localhost:5199/src/game.js:2149:38
[   39284ms] TypeError: Cannot read properties of undefined (reading 'type')
    at Weapon.update (http://localhost:5199/src/weapon.js:1427:11)
    at Game.animate (http://localhost:5199/src/game.js:2177:19)
    at http://localhost:5199/src/game.js:2149:38
[   39388ms] TypeError: Cannot read properties of undefined (reading 'type')
    at Weapon.fire (http://localhost:5199/src/weapon.js:1215:11)
    at Game.handleShoot (http://localhost:5199/src/game.js:998:29)
    at http://localhost:5199/src/game.js:339:36
    at http://localhost:5199/src/player.js:86:43
    at Array.forEach (<anonymous>)
    at HTMLDocument.<anonymous> (http://localhost:5199/src/player.js:86:29)
[   39394ms] TypeError: Cannot read properties of undefined (reading 'type')
    at Weapon.update (http://localhost:5199/src/weapon.js:1427:11)
    at Game.animate (http://localhost:5199/src/game.js:2177:19)
    at http://localhost:5199/src/game.js:2149:38
[   39449ms] TypeError: Cannot read properties of undefined (reading 'type')
    at Weapon.update (http://localhost:5199/src/weapon.js:1427:11)
    at Game.animate (http://localhost:5199/src/game.js:2177:19)
    at http://localhost:5199/src/game.js:2149:38
[   39510ms] TypeError: Cannot read properties of undefined (reading 'type')
    at Weapon.update (http://localhost:5199/src/weapon.js:1427:11)
    at Game.animate (http://localhost:5199/src/game.js:2177:19)
    at http://localhost:5199/src/game.js:2149:38
[   39524ms] TypeError: Cannot read properties of undefined (reading 'type')
    at Weapon.update (http://localhost:5199/src/weapon.js:1427:11)
    at Game.animate (http://localhost:5199/src/game.js:2177:19)
    at http://localhost:5199/src/game.js:2149:38
[   39600ms] TypeError: Cannot read properties of undefined (reading 'type')
    at Weapon.update (http://localhost:5199/src/weapon.js:1427:11)
    at Game.animate (http://localhost:5199/src/game.js:2177:19)
    at http://localhost:5199/src/game.js:2149:38
[   39614ms] TypeError: Cannot read properties of undefined (reading 'type')
    at Weapon.update (http://localhost:5199/src/weapon.js:1427:11)
    at Game.animate (http://localhost:5199/src/game.js:2177:19)
    at http://localhost:5199/src/game.js:2149:38
[   39642ms] TypeError: Cannot read properties of undefined (reading 'type')
    at Weapon.update (http://localhost:5199/src/weapon.js:1427:11)
    at Game.animate (http://localhost:5199/src/game.js:2177:19)
    at http://localhost:5199/src/game.js:2149:38
[   39658ms] TypeError: Cannot read properties of undefined (reading 'type')
    at Weapon.update (http://localhost:5199/src/weapon.js:1427:11)
    at Game.animate (http://localhost:5199/src/game.js:2177:19)
    at http://localhost:5199/src/game.js:2149:38
[   39708ms] TypeError: Cannot read properties of undefined (reading 'type')
    at Weapon.update (http://localhost:5199/src/weapon.js:1427:11)
    at Game.animate (http://localhost:5199/src/game.js:2177:19)
    at http://localhost:5199/src/game.js:2149:38
[   39809ms] TypeError: Cannot read properties of undefined (reading 'type')
    at Weapon.update (http://localhost:5199/src/weapon.js:1427:11)
    at Game.animate (http://localhost:5199/src/game.js:2177:19)
    at http://localhost:5199/src/game.js:2149:38
[   39856ms] TypeError: Cannot read properties of undefined (reading 'type')
    at Weapon.update (http://localhost:5199/src/weapon.js:1427:11)
    at Game.animate (http://localhost:5199/src/game.js:2177:19)
    at http://localhost:5199/src/game.js:2149:38
[   39871ms] TypeError: Cannot read properties of undefined (reading 'type')
    at Weapon.update (http://localhost:5199/src/weapon.js:1427:11)
    at Game.animate (http://localhost:5199/src/game.js:2177:19)
    at http://localhost:5199/src/game.js:2149:38
[   39969ms] TypeError: Cannot read properties of undefined (reading 'type')
    at Weapon.update (http://localhost:5199/src/weapon.js:1427:11)
    at Game.animate (http://localhost:5199/src/game.js:2177:19)
    at http://localhost:5199/src/game.js:2149:38
[   39981ms] TypeError: Cannot read properties of undefined (reading 'type')
    at Weapon.update (http://localhost:5199/src/weapon.js:1427:11)
    at Game.animate (http://localhost:5199/src/game.js:2177:19)
    at http://localhost:5199/src/game.js:2149:38
[   40039ms] TypeError: Cannot read properties of undefined (reading 'type')
    at Weapon.update (http://localhost:5199/src/weapon.js:1427:11)
    at Game.animate (http://localhost:5199/src/game.js:2177:19)
    at http://localhost:5199/src/game.js:2149:38
[   40094ms] TypeError: Cannot read properties of undefined (reading 'type')
    at Weapon.update (http://localhost:5199/src/weapon.js:1427:11)
    at Game.animate (http://localhost:5199/src/game.js:2177:19)
    at http://localhost:5199/src/game.js:2149:38
[   40117ms] TypeError: Cannot read properties of undefined (reading 'type')
    at Weapon.update (http://localhost:5199/src/weapon.js:1427:11)
    at Game.animate (http://localhost:5199/src/game.js:2177:19)
    at http://localhost:5199/src/game.js:2149:38
[   40159ms] TypeError: Cannot read properties of undefined (reading 'type')
    at Weapon.update (http://localhost:5199/src/weapon.js:1427:11)
    at Game.animate (http://localhost:5199/src/game.js:2177:19)
    at http://localhost:5199/src/game.js:2149:38
[   40210ms] TypeError: Cannot read properties of undefined (reading 'type')
    at Weapon.update (http://localhost:5199/src/weapon.js:1427:11)
    at Game.animate (http://localhost:5199/src/game.js:2177:19)
    at http://localhost:5199/src/game.js:2149:38
[   40238ms] TypeError: Cannot read properties of undefined (reading 'type')
    at Weapon.update (http://localhost:5199/src/weapon.js:1427:11)
    at Game.animate (http://localhost:5199/src/game.js:2177:19)
    at http://localhost:5199/src/game.js:2149:38
[   40290ms] TypeError: Cannot read properties of undefined (reading 'type')
    at Weapon.update (http://localhost:5199/src/weapon.js:1427:11)
    at Game.animate (http://localhost:5199/src/game.js:2177:19)
    at http://localhost:5199/src/game.js:2149:38
[   40317ms] TypeError: Cannot read properties of undefined (reading 'type')
    at Weapon.update (http://localhost:5199/src/weapon.js:1427:11)
    at Game.animate (http://localhost:5199/src/game.js:2177:19)
    at http://localhost:5199/src/game.js:2149:38
[   40335ms] TypeError: Cannot read properties of undefined (reading 'type')
    at Weapon.update (http://localhost:5199/src/weapon.js:1427:11)
    at Game.animate (http://localhost:5199/src/game.js:2177:19)
    at http://localhost:5199/src/game.js:2149:38
[   40352ms] TypeError: Cannot read properties of undefined (reading 'type')
    at Weapon.update (http://localhost:5199/src/weapon.js:1427:11)
    at Game.animate (http://localhost:5199/src/game.js:2177:19)
    at http://localhost:5199/src/game.js:2149:38
[   40396ms] TypeError: Cannot read properties of undefined (reading 'type')
    at Weapon.update (http://localhost:5199/src/weapon.js:1427:11)
    at Game.animate (http://localhost:5199/src/game.js:2177:19)
    at http://localhost:5199/src/game.js:2149:38
[   40481ms] TypeError: Cannot read properties of undefined (reading 'type')
    at Weapon.update (http://localhost:5199/src/weapon.js:1427:11)
    at Game.animate (http://localhost:5199/src/game.js:2177:19)
    at http://localhost:5199/src/game.js:2149:38
[   40536ms] TypeError: Cannot read properties of undefined (reading 'type')
    at Weapon.update (http://localhost:5199/src/weapon.js:1427:11)
    at Game.animate (http://localhost:5199/src/game.js:2177:19)
    at http://localhost:5199/src/game.js:2149:38
[   40561ms] TypeError: Cannot read properties of undefined (reading 'type')
    at Weapon.update (http://localhost:5199/src/weapon.js:1427:11)
    at Game.animate (http://localhost:5199/src/game.js:2177:19)
    at http://localhost:5199/src/game.js:2149:38
[   40576ms] TypeError: Cannot read properties of undefined (reading 'type')
    at Weapon.update (http://localhost:5199/src/weapon.js:1427:11)
    at Game.animate (http://localhost:5199/src/game.js:2177:19)
    at http://localhost:5199/src/game.js:2149:38
[   40674ms] TypeError: Cannot read properties of undefined (reading 'type')
    at Weapon.update (http://localhost:5199/src/weapon.js:1427:11)
    at Game.animate (http://localhost:5199/src/game.js:2177:19)
    at http://localhost:5199/src/game.js:2149:38
[   40711ms] TypeError: Cannot read properties of undefined (reading 'type')
    at Weapon.update (http://localhost:5199/src/weapon.js:1427:11)
    at Game.animate (http://localhost:5199/src/game.js:2177:19)
    at http://localhost:5199/src/game.js:2149:38
[   40739ms] TypeError: Cannot read properties of undefined (reading 'type')
    at Weapon.update (http://localhost:5199/src/weapon.js:1427:11)
    at Game.animate (http://localhost:5199/src/game.js:2177:19)
    at http://localhost:5199/src/game.js:2149:38
[   40763ms] TypeError: Cannot read properties of undefined (reading 'type')
    at Weapon.update (http://localhost:5199/src/weapon.js:1427:11)
    at Game.animate (http://localhost:5199/src/game.js:2177:19)
    at http://localhost:5199/src/game.js:2149:38
[   40775ms] TypeError: Cannot read properties of undefined (reading 'type')
    at Weapon.update (http://localhost:5199/src/weapon.js:1427:11)
    at Game.animate (http://localhost:5199/src/game.js:2177:19)
    at http://localhost:5199/src/game.js:2149:38
[   40800ms] TypeError: Cannot read properties of undefined (reading 'type')
    at Weapon.update (http://localhost:5199/src/weapon.js:1427:11)
    at Game.animate (http://localhost:5199/src/game.js:2177:19)
    at http://localhost:5199/src/game.js:2149:38
[   40845ms] TypeError: Cannot read properties of undefined (reading 'type')
    at Weapon.update (http://localhost:5199/src/weapon.js:1427:11)
    at Game.animate (http://localhost:5199/src/game.js:2177:19)
    at http://localhost:5199/src/game.js:2149:38
[   40874ms] TypeError: Cannot read properties of undefined (reading 'type')
    at Weapon.update (http://localhost:5199/src/weapon.js:1427:11)
    at Game.animate (http://localhost:5199/src/game.js:2177:19)
    at http://localhost:5199/src/game.js:2149:38
[   40902ms] TypeError: Cannot read properties of undefined (reading 'type')
    at Weapon.update (http://localhost:5199/src/weapon.js:1427:11)
    at Game.animate (http://localhost:5199/src/game.js:2177:19)
    at http://localhost:5199/src/game.js:2149:38
[   40919ms] TypeError: Cannot read properties of undefined (reading 'type')
    at Weapon.update (http://localhost:5199/src/weapon.js:1427:11)
    at Game.animate (http://localhost:5199/src/game.js:2177:19)
    at http://localhost:5199/src/game.js:2149:38
[   40945ms] TypeError: Cannot read properties of undefined (reading 'type')
    at Weapon.update (http://localhost:5199/src/weapon.js:1427:11)
    at Game.animate (http://localhost:5199/src/game.js:2177:19)
    at http://localhost:5199/src/game.js:2149:38
[   41012ms] TypeError: Cannot read properties of undefined (reading 'type')
    at Weapon.update (http://localhost:5199/src/weapon.js:1427:11)
    at Game.animate (http://localhost:5199/src/game.js:2177:19)
    at http://localhost:5199/src/game.js:2149:38
[   41040ms] TypeError: Cannot read properties of undefined (reading 'type')
    at Weapon.update (http://localhost:5199/src/weapon.js:1427:11)
    at Game.animate (http://localhost:5199/src/game.js:2177:19)
    at http://localhost:5199/src/game.js:2149:38
[   41065ms] TypeError: Cannot read properties of undefined (reading 'type')
    at Weapon.update (http://localhost:5199/src/weapon.js:1427:11)
    at Game.animate (http://localhost:5199/src/game.js:2177:19)
    at http://localhost:5199/src/game.js:2149:38
[   41090ms] TypeError: Cannot read properties of undefined (reading 'type')
    at Weapon.update (http://localhost:5199/src/weapon.js:1427:11)
    at Game.animate (http://localhost:5199/src/game.js:2177:19)
    at http://localhost:5199/src/game.js:2149:38
[   41108ms] TypeError: Cannot read properties of undefined (reading 'type')
    at Weapon.update (http://localhost:5199/src/weapon.js:1427:11)
    at Game.animate (http://localhost:5199/src/game.js:2177:19)
    at http://localhost:5199/src/game.js:2149:38
[   41159ms] TypeError: Cannot read properties of undefined (reading 'type')
    at Weapon.update (http://localhost:5199/src/weapon.js:1427:11)
    at Game.animate (http://localhost:5199/src/game.js:2177:19)
    at http://localhost:5199/src/game.js:2149:38
[   41194ms] TypeError: Cannot read properties of undefined (reading 'type')
    at Weapon.update (http://localhost:5199/src/weapon.js:1427:11)
    at Game.animate (http://localhost:5199/src/game.js:2177:19)
    at http://localhost:5199/src/game.js:2149:38
[   41214ms] TypeError: Cannot read properties of undefined (reading 'type')
    at Weapon.update (http://localhost:5199/src/weapon.js:1427:11)
    at Game.animate (http://localhost:5199/src/game.js:2177:19)
    at http://localhost:5199/src/game.js:2149:38
[   41235ms] TypeError: Cannot read properties of undefined (reading 'type')
    at Weapon.update (http://localhost:5199/src/weapon.js:1427:11)
    at Game.animate (http://localhost:5199/src/game.js:2177:19)
    at http://localhost:5199/src/game.js:2149:38
[   41268ms] TypeError: Cannot read properties of undefined (reading 'type')
    at Weapon.update (http://localhost:5199/src/weapon.js:1427:11)
    at Game.animate (http://localhost:5199/src/game.js:2177:19)
    at http://localhost:5199/src/game.js:2149:38
[   41285ms] TypeError: Cannot read properties of undefined (reading 'type')
    at Weapon.update (http://localhost:5199/src/weapon.js:1427:11)
    at Game.animate (http://localhost:5199/src/game.js:2177:19)
    at http://localhost:5199/src/game.js:2149:38
[   41307ms] TypeError: Cannot read properties of undefined (reading 'type')
    at Weapon.update (http://localhost:5199/src/weapon.js:1427:11)
    at Game.animate (http://localhost:5199/src/game.js:2177:19)
    at http://localhost:5199/src/game.js:2149:38
[   41322ms] TypeError: Cannot read properties of undefined (reading 'type')
    at Weapon.update (http://localhost:5199/src/weapon.js:1427:11)
    at Game.animate (http://localhost:5199/src/game.js:2177:19)
    at http://localhost:5199/src/game.js:2149:38
[   41379ms] TypeError: Cannot read properties of undefined (reading 'type')
    at Weapon.update (http://localhost:5199/src/weapon.js:1427:11)
    at Game.animate (http://localhost:5199/src/game.js:2177:19)
    at http://localhost:5199/src/game.js:2149:38
[   41425ms] TypeError: Cannot read properties of undefined (reading 'type')
    at Weapon.update (http://localhost:5199/src/weapon.js:1427:11)
    at Game.animate (http://localhost:5199/src/game.js:2177:19)
    at http://localhost:5199/src/game.js:2149:38
[   41460ms] TypeError: Cannot read properties of undefined (reading 'type')
    at Weapon.update (http://localhost:5199/src/weapon.js:1427:11)
    at Game.animate (http://localhost:5199/src/game.js:2177:19)
    at http://localhost:5199/src/game.js:2149:38
[   41487ms] TypeError: Cannot read properties of undefined (reading 'type')
    at Weapon.fire (http://localhost:5199/src/weapon.js:1215:11)
    at Game.handleShoot (http://localhost:5199/src/game.js:998:29)
    at http://localhost:5199/src/game.js:339:36
    at http://localhost:5199/src/player.js:86:43
    at Array.forEach (<anonymous>)
    at HTMLDocument.<anonymous> (http://localhost:5199/src/player.js:86:29)
[   41493ms] TypeError: Cannot read properties of undefined (reading 'type')
    at Weapon.update (http://localhost:5199/src/weapon.js:1427:11)
    at Game.animate (http://localhost:5199/src/game.js:2177:19)
    at http://localhost:5199/src/game.js:2149:38
[   41509ms] TypeError: Cannot read properties of undefined (reading 'type')
    at Weapon.update (http://localhost:5199/src/weapon.js:1427:11)
    at Game.animate (http://localhost:5199/src/game.js:2177:19)
    at http://localhost:5199/src/game.js:2149:38
[   41527ms] TypeError: Cannot read properties of undefined (reading 'type')
    at Weapon.update (http://localhost:5199/src/weapon.js:1427:11)
    at Game.animate (http://localhost:5199/src/game.js:2177:19)
    at http://localhost:5199/src/game.js:2149:38
[   41560ms] TypeError: Cannot read properties of undefined (reading 'type')
    at Weapon.update (http://localhost:5199/src/weapon.js:1427:11)
    at Game.animate (http://localhost:5199/src/game.js:2177:19)
    at http://localhost:5199/src/game.js:2149:38
[   41584ms] TypeError: Cannot read properties of undefined (reading 'type')
    at Weapon.update (http://localhost:5199/src/weapon.js:1427:11)
    at Game.animate (http://localhost:5199/src/game.js:2177:19)
    at http://localhost:5199/src/game.js:2149:38
[   41609ms] TypeError: Cannot read properties of undefined (reading 'type')
    at Weapon.update (http://localhost:5199/src/weapon.js:1427:11)
    at Game.animate (http://localhost:5199/src/game.js:2177:19)
    at http://localhost:5199/src/game.js:2149:38
[   41623ms] TypeError: Cannot read properties of undefined (reading 'type')
    at Weapon.update (http://localhost:5199/src/weapon.js:1427:11)
    at Game.animate (http://localhost:5199/src/game.js:2177:19)
    at http://localhost:5199/src/game.js:2149:38
[   41646ms] TypeError: Cannot read properties of undefined (reading 'type')
    at Weapon.update (http://localhost:5199/src/weapon.js:1427:11)
    at Game.animate (http://localhost:5199/src/game.js:2177:19)
    at http://localhost:5199/src/game.js:2149:38
[   41688ms] TypeError: Cannot read properties of undefined (reading 'type')
    at Weapon.update (http://localhost:5199/src/weapon.js:1427:11)
    at Game.animate (http://localhost:5199/src/game.js:2177:19)
    at http://localhost:5199/src/game.js:2149:38
[   41741ms] TypeError: Cannot read properties of undefined (reading 'type')
    at Weapon.update (http://localhost:5199/src/weapon.js:1427:11)
    at Game.animate (http://localhost:5199/src/game.js:2177:19)
    at http://localhost:5199/src/game.js:2149:38
[   41781ms] TypeError: Cannot read properties of undefined (reading 'type')
    at Weapon.update (http://localhost:5199/src/weapon.js:1427:11)
    at Game.animate (http://localhost:5199/src/game.js:2177:19)
    at http://localhost:5199/src/game.js:2149:38
[   41813ms] TypeError: Cannot read properties of undefined (reading 'type')
    at Weapon.update (http://localhost:5199/src/weapon.js:1427:11)
    at Game.animate (http://localhost:5199/src/game.js:2177:19)
    at http://localhost:5199/src/game.js:2149:38
[   41850ms] TypeError: Cannot read properties of undefined (reading 'type')
    at Weapon.update (http://localhost:5199/src/weapon.js:1427:11)
    at Game.animate (http://localhost:5199/src/game.js:2177:19)
    at http://localhost:5199/src/game.js:2149:38
[   41868ms] TypeError: Cannot read properties of undefined (reading 'type')
    at Weapon.update (http://localhost:5199/src/weapon.js:1427:11)
    at Game.animate (http://localhost:5199/src/game.js:2177:19)
    at http://localhost:5199/src/game.js:2149:38
[   41917ms] TypeError: Cannot read properties of undefined (reading 'type')
    at Weapon.update (http://localhost:5199/src/weapon.js:1427:11)
    at Game.animate (http://localhost:5199/src/game.js:2177:19)
    at http://localhost:5199/src/game.js:2149:38
[   41946ms] TypeError: Cannot read properties of undefined (reading 'type')
    at Weapon.update (http://localhost:5199/src/weapon.js:1427:11)
    at Game.animate (http://localhost:5199/src/game.js:2177:19)
    at http://localhost:5199/src/game.js:2149:38
[   41978ms] TypeError: Cannot read properties of undefined (reading 'type')
    at Weapon.update (http://localhost:5199/src/weapon.js:1427:11)
    at Game.animate (http://localhost:5199/src/game.js:2177:19)
    at http://localhost:5199/src/game.js:2149:38
[   42005ms] TypeError: Cannot read properties of undefined (reading 'type')
    at Weapon.update (http://localhost:5199/src/weapon.js:1427:11)
    at Game.animate (http://localhost:5199/src/game.js:2177:19)
    at http://localhost:5199/src/game.js:2149:38
[   42021ms] TypeError: Cannot read properties of undefined (reading 'type')
    at Weapon.update (http://localhost:5199/src/weapon.js:1427:11)
    at Game.animate (http://localhost:5199/src/game.js:2177:19)
    at http://localhost:5199/src/game.js:2149:38
[   42046ms] TypeError: Cannot read properties of undefined (reading 'type')
    at Weapon.update (http://localhost:5199/src/weapon.js:1427:11)
    at Game.animate (http://localhost:5199/src/game.js:2177:19)
    at http://localhost:5199/src/game.js:2149:38
[   42109ms] TypeError: Cannot read properties of undefined (reading 'type')
    at Weapon.update (http://localhost:5199/src/weapon.js:1427:11)
    at Game.animate (http://localhost:5199/src/game.js:2177:19)
    at http://localhost:5199/src/game.js:2149:38
[   42134ms] TypeError: Cannot read properties of undefined (reading 'type')
    at Weapon.update (http://localhost:5199/src/weapon.js:1427:11)
    at Game.animate (http://localhost:5199/src/game.js:2177:19)
    at http://localhost:5199/src/game.js:2149:38
[   42161ms] TypeError: Cannot read properties of undefined (reading 'type')
    at Weapon.update (http://localhost:5199/src/weapon.js:1427:11)
    at Game.animate (http://localhost:5199/src/game.js:2177:19)
    at http://localhost:5199/src/game.js:2149:38
[   42192ms] TypeError: Cannot read properties of undefined (reading 'type')
    at Weapon.update (http://localhost:5199/src/weapon.js:1427:11)
    at Game.animate (http://localhost:5199/src/game.js:2177:19)
    at http://localhost:5199/src/game.js:2149:38
[   42246ms] TypeError: Cannot read properties of undefined (reading 'type')
    at Weapon.fire (http://localhost:5199/src/weapon.js:1215:11)
    at Game.handleShoot (http://localhost:5199/src/game.js:998:29)
    at http://localhost:5199/src/game.js:339:36
    at http://localhost:5199/src/player.js:86:43
    at Array.forEach (<anonymous>)
    at HTMLDocument.<anonymous> (http://localhost:5199/src/player.js:86:29)
[   42258ms] TypeError: Cannot read properties of undefined (reading 'type')
    at Weapon.update (http://localhost:5199/src/weapon.js:1427:11)
    at Game.animate (http://localhost:5199/src/game.js:2177:19)
    at http://localhost:5199/src/game.js:2149:38
[   42286ms] TypeError: Cannot read properties of undefined (reading 'type')
    at Weapon.update (http://localhost:5199/src/weapon.js:1427:11)
    at Game.animate (http://localhost:5199/src/game.js:2177:19)
    at http://localhost:5199/src/game.js:2149:38
[   42320ms] TypeError: Cannot read properties of undefined (reading 'type')
    at Weapon.update (http://localhost:5199/src/weapon.js:1427:11)
    at Game.animate (http://localhost:5199/src/game.js:2177:19)
    at http://localhost:5199/src/game.js:2149:38
[   42376ms] TypeError: Cannot read properties of undefined (reading 'type')
    at Weapon.update (http://localhost:5199/src/weapon.js:1427:11)
    at Game.animate (http://localhost:5199/src/game.js:2177:19)
    at http://localhost:5199/src/game.js:2149:38
[   42411ms] TypeError: Cannot read properties of undefined (reading 'type')
    at Weapon.update (http://localhost:5199/src/weapon.js:1427:11)
    at Game.animate (http://localhost:5199/src/game.js:2177:19)
    at http://localhost:5199/src/game.js:2149:38
[   42435ms] TypeError: Cannot read properties of undefined (reading 'type')
    at Weapon.fire (http://localhost:5199/src/weapon.js:1215:11)
    at Game.handleShoot (http://localhost:5199/src/game.js:998:29)
    at http://localhost:5199/src/game.js:339:36
    at http://localhost:5199/src/player.js:86:43
    at Array.forEach (<anonymous>)
    at HTMLDocument.<anonymous> (http://localhost:5199/src/player.js:86:29)
[   42454ms] TypeError: Cannot read properties of undefined (reading 'type')
    at Weapon.update (http://localhost:5199/src/weapon.js:1427:11)
    at Game.animate (http://localhost:5199/src/game.js:2177:19)
    at http://localhost:5199/src/game.js:2149:38
[   42480ms] TypeError: Cannot read properties of undefined (reading 'type')
    at Weapon.update (http://localhost:5199/src/weapon.js:1427:11)
    at Game.animate (http://localhost:5199/src/game.js:2177:19)
    at http://localhost:5199/src/game.js:2149:38
[   42503ms] TypeError: Cannot read properties of undefined (reading 'type')
    at Weapon.update (http://localhost:5199/src/weapon.js:1427:11)
    at Game.animate (http://localhost:5199/src/game.js:2177:19)
    at http://localhost:5199/src/game.js:2149:38
[   42519ms] TypeError: Cannot read properties of undefined (reading 'type')
    at Weapon.update (http://localhost:5199/src/weapon.js:1427:11)
    at Game.animate (http://localhost:5199/src/game.js:2177:19)
    at http://localhost:5199/src/game.js:2149:38
[   42545ms] TypeError: Cannot read properties of undefined (reading 'type')
    at Weapon.update (http://localhost:5199/src/weapon.js:1427:11)
    at Game.animate (http://localhost:5199/src/game.js:2177:19)
    at http://localhost:5199/src/game.js:2149:38
[   42589ms] TypeError: Cannot read properties of undefined (reading 'type')
    at Weapon.fire (http://localhost:5199/src/weapon.js:1215:11)
    at Game.handleShoot (http://localhost:5199/src/game.js:998:29)
    at http://localhost:5199/src/game.js:339:36
    at http://localhost:5199/src/player.js:86:43
    at Array.forEach (<anonymous>)
    at HTMLDocument.<anonymous> (http://localhost:5199/src/player.js:86:29)
[   42605ms] TypeError: Cannot read properties of undefined (reading 'type')
    at Weapon.update (http://localhost:5199/src/weapon.js:1427:11)
    at Game.animate (http://localhost:5199/src/game.js:2177:19)
    at http://localhost:5199/src/game.js:2149:38
[   42648ms] TypeError: Cannot read properties of undefined (reading 'type')
    at Weapon.update (http://localhost:5199/src/weapon.js:1427:11)
    at Game.animate (http://localhost:5199/src/game.js:2177:19)
    at http://localhost:5199/src/game.js:2149:38
[   42679ms] TypeError: Cannot read properties of undefined (reading 'type')
    at Weapon.update (http://localhost:5199/src/weapon.js:1427:11)
    at Game.animate (http://localhost:5199/src/game.js:2177:19)
    at http://localhost:5199/src/game.js:2149:38
[   42695ms] TypeError: Cannot read properties of undefined (reading 'type')
    at Weapon.update (http://localhost:5199/src/weapon.js:1427:11)
    at Game.animate (http://localhost:5199/src/game.js:2177:19)
    at http://localhost:5199/src/game.js:2149:38
[   42740ms] TypeError: Cannot read properties of undefined (reading 'type')
    at Weapon.update (http://localhost:5199/src/weapon.js:1427:11)
    at Game.animate (http://localhost:5199/src/game.js:2177:19)
    at http://localhost:5199/src/game.js:2149:38
[   42762ms] TypeError: Cannot read properties of undefined (reading 'type')
    at Weapon.update (http://localhost:5199/src/weapon.js:1427:11)
    at Game.animate (http://localhost:5199/src/game.js:2177:19)
    at http://localhost:5199/src/game.js:2149:38
[   42776ms] TypeError: Cannot read properties of undefined (reading 'type')
    at Weapon.fire (http://localhost:5199/src/weapon.js:1215:11)
    at Game.handleShoot (http://localhost:5199/src/game.js:998:29)
    at http://localhost:5199/src/game.js:339:36
    at http://localhost:5199/src/player.js:86:43
    at Array.forEach (<anonymous>)
    at HTMLDocument.<anonymous> (http://localhost:5199/src/player.js:86:29)
[   42776ms] TypeError: Cannot read properties of undefined (reading 'type')
    at Weapon.update (http://localhost:5199/src/weapon.js:1427:11)
    at Game.animate (http://localhost:5199/src/game.js:2177:19)
    at http://localhost:5199/src/game.js:2149:38
[   42832ms] TypeError: Cannot read properties of undefined (reading 'type')
    at Weapon.update (http://localhost:5199/src/weapon.js:1427:11)
    at Game.animate (http://localhost:5199/src/game.js:2177:19)
    at http://localhost:5199/src/game.js:2149:38
[   42911ms] TypeError: Cannot read properties of undefined (reading 'type')
    at Weapon.update (http://localhost:5199/src/weapon.js:1427:11)
    at Game.animate (http://localhost:5199/src/game.js:2177:19)
    at http://localhost:5199/src/game.js:2149:38
[   42944ms] TypeError: Cannot read properties of undefined (reading 'type')
    at Weapon.update (http://localhost:5199/src/weapon.js:1427:11)
    at Game.animate (http://localhost:5199/src/game.js:2177:19)
    at http://localhost:5199/src/game.js:2149:38
[   42970ms] TypeError: Cannot read properties of undefined (reading 'type')
    at Weapon.fire (http://localhost:5199/src/weapon.js:1215:11)
    at Game.handleShoot (http://localhost:5199/src/game.js:998:29)
    at http://localhost:5199/src/game.js:339:36
    at http://localhost:5199/src/player.js:86:43
    at Array.forEach (<anonymous>)
    at HTMLDocument.<anonymous> (http://localhost:5199/src/player.js:86:29)
[   42970ms] TypeError: Cannot read properties of undefined (reading 'type')
    at Weapon.update (http://localhost:5199/src/weapon.js:1427:11)
    at Game.animate (http://localhost:5199/src/game.js:2177:19)
    at http://localhost:5199/src/game.js:2149:38
[   42996ms] TypeError: Cannot read properties of undefined (reading 'type')
    at Weapon.update (http://localhost:5199/src/weapon.js:1427:11)
    at Game.animate (http://localhost:5199/src/game.js:2177:19)
    at http://localhost:5199/src/game.js:2149:38
[   43011ms] TypeError: Cannot read properties of undefined (reading 'type')
    at Weapon.update (http://localhost:5199/src/weapon.js:1427:11)
    at Game.animate (http://localhost:5199/src/game.js:2177:19)
    at http://localhost:5199/src/game.js:2149:38
[   43029ms] TypeError: Cannot read properties of undefined (reading 'type')
    at Weapon.update (http://localhost:5199/src/weapon.js:1427:11)
    at Game.animate (http://localhost:5199/src/game.js:2177:19)
    at http://localhost:5199/src/game.js:2149:38
[   43080ms] TypeError: Cannot read properties of undefined (reading 'type')
    at Weapon.update (http://localhost:5199/src/weapon.js:1427:11)
    at Game.animate (http://localhost:5199/src/game.js:2177:19)
    at http://localhost:5199/src/game.js:2149:38
[   43126ms] TypeError: Cannot read properties of undefined (reading 'type')
    at Weapon.fire (http://localhost:5199/src/weapon.js:1215:11)
    at Game.handleShoot (http://localhost:5199/src/game.js:998:29)
    at http://localhost:5199/src/game.js:339:36
    at http://localhost:5199/src/player.js:86:43
    at Array.forEach (<anonymous>)
    at HTMLDocument.<anonymous> (http://localhost:5199/src/player.js:86:29)
[   43162ms] TypeError: Cannot read properties of undefined (reading 'type')
    at Weapon.update (http://localhost:5199/src/weapon.js:1427:11)
    at Game.animate (http://localhost:5199/src/game.js:2177:19)
    at http://localhost:5199/src/game.js:2149:38
[   43191ms] TypeError: Cannot read properties of undefined (reading 'type')
    at Weapon.update (http://localhost:5199/src/weapon.js:1427:11)
    at Game.animate (http://localhost:5199/src/game.js:2177:19)
    at http://localhost:5199/src/game.js:2149:38
[   43215ms] TypeError: Cannot read properties of undefined (reading 'type')
    at Weapon.update (http://localhost:5199/src/weapon.js:1427:11)
    at Game.animate (http://localhost:5199/src/game.js:2177:19)
    at http://localhost:5199/src/game.js:2149:38
[   43240ms] TypeError: Cannot read properties of undefined (reading 'type')
    at Weapon.update (http://localhost:5199/src/weapon.js:1427:11)
    at Game.animate (http://localhost:5199/src/game.js:2177:19)
    at http://localhost:5199/src/game.js:2149:38
[   43265ms] TypeError: Cannot read properties of undefined (reading 'type')
    at Weapon.update (http://localhost:5199/src/weapon.js:1427:11)
    at Game.animate (http://localhost:5199/src/game.js:2177:19)
    at http://localhost:5199/src/game.js:2149:38
[   43326ms] TypeError: Cannot read properties of undefined (reading 'type')
    at Weapon.fire (http://localhost:5199/src/weapon.js:1215:11)
    at Game.handleShoot (http://localhost:5199/src/game.js:998:29)
    at http://localhost:5199/src/game.js:339:36
    at http://localhost:5199/src/player.js:86:43
    at Array.forEach (<anonymous>)
    at HTMLDocument.<anonymous> (http://localhost:5199/src/player.js:86:29)
[   43338ms] TypeError: Cannot read properties of undefined (reading 'type')
    at Weapon.update (http://localhost:5199/src/weapon.js:1427:11)
    at Game.animate (http://localhost:5199/src/game.js:2177:19)
    at http://localhost:5199/src/game.js:2149:38
[   43365ms] TypeError: Cannot read properties of undefined (reading 'type')
    at Weapon.update (http://localhost:5199/src/weapon.js:1427:11)
    at Game.animate (http://localhost:5199/src/game.js:2177:19)
    at http://localhost:5199/src/game.js:2149:38
[   43386ms] TypeError: Cannot read properties of undefined (reading 'type')
    at Weapon.update (http://localhost:5199/src/weapon.js:1427:11)
    at Game.animate (http://localhost:5199/src/game.js:2177:19)
    at http://localhost:5199/src/game.js:2149:38
[   43411ms] TypeError: Cannot read properties of undefined (reading 'type')
    at Weapon.update (http://localhost:5199/src/weapon.js:1427:11)
    at Game.animate (http://localhost:5199/src/game.js:2177:19)
    at http://localhost:5199/src/game.js:2149:38
[   43449ms] TypeError: Cannot read properties of undefined (reading 'type')
    at Weapon.update (http://localhost:5199/src/weapon.js:1427:11)
    at Game.animate (http://localhost:5199/src/game.js:2177:19)
    at http://localhost:5199/src/game.js:2149:38
[   43473ms] TypeError: Cannot read properties of undefined (reading 'type')
    at Weapon.update (http://localhost:5199/src/weapon.js:1427:11)
    at Game.animate (http://localhost:5199/src/game.js:2177:19)
    at http://localhost:5199/src/game.js:2149:38
[   43498ms] TypeError: Cannot read properties of undefined (reading 'type')
    at Weapon.update (http://localhost:5199/src/weapon.js:1427:11)
    at Game.animate (http://localhost:5199/src/game.js:2177:19)
    at http://localhost:5199/src/game.js:2149:38
[   43528ms] TypeError: Cannot read properties of undefined (reading 'type')
    at Weapon.update (http://localhost:5199/src/weapon.js:1427:11)
    at Game.animate (http://localhost:5199/src/game.js:2177:19)
    at http://localhost:5199/src/game.js:2149:38
[   43538ms] TypeError: Cannot read properties of undefined (reading 'type')
    at Weapon.update (http://localhost:5199/src/weapon.js:1427:11)
    at Game.animate (http://localhost:5199/src/game.js:2177:19)
    at http://localhost:5199/src/game.js:2149:38
[   43564ms] TypeError: Cannot read properties of undefined (reading 'type')
    at Weapon.update (http://localhost:5199/src/weapon.js:1427:11)
    at Game.animate (http://localhost:5199/src/game.js:2177:19)
    at http://localhost:5199/src/game.js:2149:38
[   43573ms] TypeError: Cannot read properties of undefined (reading 'type')
    at Weapon.fire (http://localhost:5199/src/weapon.js:1215:11)
    at Game.handleShoot (http://localhost:5199/src/game.js:998:29)
    at http://localhost:5199/src/game.js:339:36
    at http://localhost:5199/src/player.js:86:43
    at Array.forEach (<anonymous>)
    at HTMLDocument.<anonymous> (http://localhost:5199/src/player.js:86:29)
[   43615ms] TypeError: Cannot read properties of undefined (reading 'type')
    at Weapon.update (http://localhost:5199/src/weapon.js:1427:11)
    at Game.animate (http://localhost:5199/src/game.js:2177:19)
    at http://localhost:5199/src/game.js:2149:38
[   43638ms] TypeError: Cannot read properties of undefined (reading 'type')
    at Weapon.update (http://localhost:5199/src/weapon.js:1427:11)
    at Game.animate (http://localhost:5199/src/game.js:2177:19)
    at http://localhost:5199/src/game.js:2149:38
[   43672ms] TypeError: Cannot read properties of undefined (reading 'type')
    at Weapon.update (http://localhost:5199/src/weapon.js:1427:11)
    at Game.animate (http://localhost:5199/src/game.js:2177:19)
    at http://localhost:5199/src/game.js:2149:38
[   43678ms] TypeError: Cannot read properties of undefined (reading 'type')
    at Weapon.update (http://localhost:5199/src/weapon.js:1427:11)
    at Game.animate (http://localhost:5199/src/game.js:2177:19)
    at http://localhost:5199/src/game.js:2149:38
[   43697ms] TypeError: Cannot read properties of undefined (reading 'type')
    at Weapon.update (http://localhost:5199/src/weapon.js:1427:11)
    at Game.animate (http://localhost:5199/src/game.js:2177:19)
    at http://localhost:5199/src/game.js:2149:38
[   43740ms] TypeError: Cannot read properties of undefined (reading 'type')
    at Weapon.update (http://localhost:5199/src/weapon.js:1427:11)
    at Game.animate (http://localhost:5199/src/game.js:2177:19)
    at http://localhost:5199/src/game.js:2149:38
[   43826ms] TypeError: Cannot read properties of undefined (reading 'type')
    at Weapon.update (http://localhost:5199/src/weapon.js:1427:11)
    at Game.animate (http://localhost:5199/src/game.js:2177:19)
    at http://localhost:5199/src/game.js:2149:38
[   43857ms] TypeError: Cannot read properties of undefined (reading 'type')
    at Weapon.fire (http://localhost:5199/src/weapon.js:1215:11)
    at Game.handleShoot (http://localhost:5199/src/game.js:998:29)
    at http://localhost:5199/src/game.js:339:36
    at http://localhost:5199/src/player.js:86:43
    at Array.forEach (<anonymous>)
    at HTMLDocument.<anonymous> (http://localhost:5199/src/player.js:86:29)
[   43858ms] TypeError: Cannot read properties of undefined (reading 'type')
    at Weapon.update (http://localhost:5199/src/weapon.js:1427:11)
    at Game.animate (http://localhost:5199/src/game.js:2177:19)
    at http://localhost:5199/src/game.js:2149:38
[   43885ms] TypeError: Cannot read properties of undefined (reading 'type')
    at Weapon.update (http://localhost:5199/src/weapon.js:1427:11)
    at Game.animate (http://localhost:5199/src/game.js:2177:19)
    at http://localhost:5199/src/game.js:2149:38
[   43913ms] TypeError: Cannot read properties of undefined (reading 'type')
    at Weapon.update (http://localhost:5199/src/weapon.js:1427:11)
    at Game.animate (http://localhost:5199/src/game.js:2177:19)
    at http://localhost:5199/src/game.js:2149:38
[   43963ms] TypeError: Cannot read properties of undefined (reading 'type')
    at Weapon.update (http://localhost:5199/src/weapon.js:1427:11)
    at Game.animate (http://localhost:5199/src/game.js:2177:19)
    at http://localhost:5199/src/game.js:2149:38
[   43987ms] TypeError: Cannot read properties of undefined (reading 'type')
    at Weapon.update (http://localhost:5199/src/weapon.js:1427:11)
    at Game.animate (http://localhost:5199/src/game.js:2177:19)
    at http://localhost:5199/src/game.js:2149:38
[   44010ms] TypeError: Cannot read properties of undefined (reading 'type')
    at Weapon.update (http://localhost:5199/src/weapon.js:1427:11)
    at Game.animate (http://localhost:5199/src/game.js:2177:19)
    at http://localhost:5199/src/game.js:2149:38
[   44026ms] TypeError: Cannot read properties of undefined (reading 'type')
    at Weapon.update (http://localhost:5199/src/weapon.js:1427:11)
    at Game.animate (http://localhost:5199/src/game.js:2177:19)
    at http://localhost:5199/src/game.js:2149:38
[   44076ms] TypeError: Cannot read properties of undefined (reading 'type')
    at Weapon.update (http://localhost:5199/src/weapon.js:1427:11)
    at Game.animate (http://localhost:5199/src/game.js:2177:19)
    at http://localhost:5199/src/game.js:2149:38
[   44098ms] TypeError: Cannot read properties of undefined (reading 'type')
    at Weapon.fire (http://localhost:5199/src/weapon.js:1215:11)
    at Game.handleShoot (http://localhost:5199/src/game.js:998:29)
    at http://localhost:5199/src/game.js:339:36
    at http://localhost:5199/src/player.js:86:43
    at Array.forEach (<anonymous>)
    at HTMLDocument.<anonymous> (http://localhost:5199/src/player.js:86:29)
[   44132ms] TypeError: Cannot read properties of undefined (reading 'type')
    at Weapon.update (http://localhost:5199/src/weapon.js:1427:11)
    at Game.animate (http://localhost:5199/src/game.js:2177:19)
    at http://localhost:5199/src/game.js:2149:38
[   44168ms] TypeError: Cannot read properties of undefined (reading 'type')
    at Weapon.update (http://localhost:5199/src/weapon.js:1427:11)
    at Game.animate (http://localhost:5199/src/game.js:2177:19)
    at http://localhost:5199/src/game.js:2149:38
[   44215ms] TypeError: Cannot read properties of undefined (reading 'type')
    at Weapon.update (http://localhost:5199/src/weapon.js:1427:11)
    at Game.animate (http://localhost:5199/src/game.js:2177:19)
    at http://localhost:5199/src/game.js:2149:38
[   44245ms] TypeError: Cannot read properties of undefined (reading 'type')
    at Weapon.update (http://localhost:5199/src/weapon.js:1427:11)
    at Game.animate (http://localhost:5199/src/game.js:2177:19)
    at http://localhost:5199/src/game.js:2149:38
[   44275ms] TypeError: Cannot read properties of undefined (reading 'type')
    at Weapon.update (http://localhost:5199/src/weapon.js:1427:11)
    at Game.animate (http://localhost:5199/src/game.js:2177:19)
    at http://localhost:5199/src/game.js:2149:38
[   44306ms] TypeError: Cannot read properties of undefined (reading 'type')
    at Weapon.update (http://localhost:5199/src/weapon.js:1427:11)
    at Game.animate (http://localhost:5199/src/game.js:2177:19)
    at http://localhost:5199/src/game.js:2149:38
[   44345ms] TypeError: Cannot read properties of undefined (reading 'type')
    at Weapon.update (http://localhost:5199/src/weapon.js:1427:11)
    at Game.animate (http://localhost:5199/src/game.js:2177:19)
    at http://localhost:5199/src/game.js:2149:38
[   44370ms] TypeError: Cannot read properties of undefined (reading 'type')
    at Weapon.update (http://localhost:5199/src/weapon.js:1427:11)
    at Game.animate (http://localhost:5199/src/game.js:2177:19)
    at http://localhost:5199/src/game.js:2149:38
[   44403ms] TypeError: Cannot read properties of undefined (reading 'type')
    at Weapon.update (http://localhost:5199/src/weapon.js:1427:11)
    at Game.animate (http://localhost:5199/src/game.js:2177:19)
    at http://localhost:5199/src/game.js:2149:38
[   44444ms] TypeError: Cannot read properties of undefined (reading 'type')
    at Weapon.update (http://localhost:5199/src/weapon.js:1427:11)
    at Game.animate (http://localhost:5199/src/game.js:2177:19)
    at http://localhost:5199/src/game.js:2149:38
[   44574ms] TypeError: Cannot read properties of undefined (reading 'type')
    at Weapon.update (http://localhost:5199/src/weapon.js:1427:11)
    at Game.animate (http://localhost:5199/src/game.js:2177:19)
    at http://localhost:5199/src/game.js:2149:38
[   44664ms] TypeError: Cannot read properties of undefined (reading 'type')
    at Weapon.update (http://localhost:5199/src/weapon.js:1427:11)
    at Game.animate (http://localhost:5199/src/game.js:2177:19)
    at http://localhost:5199/src/game.js:2149:38
[   44692ms] TypeError: Cannot read properties of undefined (reading 'type')
    at Weapon.update (http://localhost:5199/src/weapon.js:1427:11)
    at Game.animate (http://localhost:5199/src/game.js:2177:19)
    at http://localhost:5199/src/game.js:2149:38
[   44742ms] TypeError: Cannot read properties of undefined (reading 'type')
    at Weapon.update (http://localhost:5199/src/weapon.js:1427:11)
    at Game.animate (http://localhost:5199/src/game.js:2177:19)
    at http://localhost:5199/src/game.js:2149:38
[   44804ms] TypeError: Cannot read properties of undefined (reading 'type')
    at Weapon.update (http://localhost:5199/src/weapon.js:1427:11)
    at Game.animate (http://localhost:5199/src/game.js:2177:19)
    at http://localhost:5199/src/game.js:2149:38
[   44843ms] TypeError: Cannot read properties of undefined (reading 'type')
    at Weapon.update (http://localhost:5199/src/weapon.js:1427:11)
    at Game.animate (http://localhost:5199/src/game.js:2177:19)
    at http://localhost:5199/src/game.js:2149:38
[   44884ms] TypeError: Cannot read properties of undefined (reading 'type')
    at Weapon.update (http://localhost:5199/src/weapon.js:1427:11)
    at Game.animate (http://localhost:5199/src/game.js:2177:19)
    at http://localhost:5199/src/game.js:2149:38
[   44947ms] TypeError: Cannot read properties of undefined (reading 'type')
    at Weapon.update (http://localhost:5199/src/weapon.js:1427:11)
    at Game.animate (http://localhost:5199/src/game.js:2177:19)
    at http://localhost:5199/src/game.js:2149:38
[   45002ms] TypeError: Cannot read properties of undefined (reading 'type')
    at Weapon.update (http://localhost:5199/src/weapon.js:1427:11)
    at Game.animate (http://localhost:5199/src/game.js:2177:19)
    at http://localhost:5199/src/game.js:2149:38
[   45025ms] TypeError: Cannot read properties of undefined (reading 'type')
    at Weapon.update (http://localhost:5199/src/weapon.js:1427:11)
    at Game.animate (http://localhost:5199/src/game.js:2177:19)
    at http://localhost:5199/src/game.js:2149:38
[   45056ms] TypeError: Cannot read properties of undefined (reading 'type')
    at Weapon.update (http://localhost:5199/src/weapon.js:1427:11)
    at Game.animate (http://localhost:5199/src/game.js:2177:19)
    at http://localhost:5199/src/game.js:2149:38
[   45110ms] TypeError: Cannot read properties of undefined (reading 'type')
    at Weapon.update (http://localhost:5199/src/weapon.js:1427:11)
    at Game.animate (http://localhost:5199/src/game.js:2177:19)
    at http://localhost:5199/src/game.js:2149:38
[   45143ms] TypeError: Cannot read properties of undefined (reading 'type')
    at Weapon.update (http://localhost:5199/src/weapon.js:1427:11)
    at Game.animate (http://localhost:5199/src/game.js:2177:19)
    at http://localhost:5199/src/game.js:2149:38
